siren,nic,siret,statutDiffusionEtablissement,dateCreationEtablissement,trancheEffectifsEtablissement,anneeEffectifsEtablissement,activitePrincipaleRegistreMetiersEtablissement,dateDernierTraitementEtablissement,etablissementSiege,nombrePeriodesEtablissement,complementAdresseEtablissement,numeroVoieEtablissement,indiceRepetitionEtablissement,dernierNumeroVoieEtablissement,indiceRepetitionDernierNumeroVoieEtablissement,typeVoieEtablissement,libelleVoieEtablissement,codePostalEtablissement,libelleCommuneEtablissement,libelleCommuneEtrangerEtablissement,distributionSpecialeEtablissement,codeCommuneEtablissement,codeCedexEtablissement,libelleCedexEtablissement,codePaysEtrangerEtablissement,libellePaysEtrangerEtablissement,identifiantAdresseEtablissement,coordonneeLambertAbscisseEtablissement,coordonneeLambertOrdonneeEtablissement,complementAdresse2Etablissement,numeroVoie2Etablissement,indiceRepetition2Etablissement,typeVoie2Etablissement,libelleVoie2Etablissement,codePostal2Etablissement,libelleCommune2Etablissement,libelleCommuneEtranger2Etablissement,distributionSpeciale2Etablissement,codeCommune2Etablissement,codeCedex2Etablissement,libelleCedex2Etablissement,codePaysEtranger2Etablissement,libellePaysEtranger2Etablissement,dateDebut,etatAdministratifEtablissement,enseigne1Etablissement,enseigne2Etablissement,enseigne3Etablissement,denominationUsuelleEtablissement,activitePrincipaleEtablissement,nomenclatureActivitePrincipaleEtablissement,caractereEmployeurEtablissement
325175,16,32517500016,O,2000-09-26,NN,,3212ZZ,2024-03-22T15:40:57,false,3,,,,,,,MANIHI COTE MONTAGNE TUAMOTU,98770,MANIHI,,,98727,,,,,,,,,,,,,,,,,,,,,,2009-05-27,F,,,,,32.12Z,NAFRev2,N
325175,24,32517500024,O,2008-05-20,NN,,,2025-01-27T02:35:48,false,2,,1,,,,PLACE,LEONCE DE SEYNES,84000,AVIGNON,,,84007,,,,,84007cvsr_B,851150.0982592739,6317267.146094748,,,,,,,,,,,,,,,2011-10-21,F,TAHITI PERLES CREATIONS,,,,47.89Z,NAFRev2,N
325175,32,32517500032,O,2009-05-27,NN,,,2025-01-27T02:31:40,false,2,ECONOMIS,6,,,,AVENUE,FRANCOIS MAURIAC,84000,AVIGNON,,,84007,,,,,840072225_B,848084.2366812509,6316548.347114814,,,,,,,,,,,,,,,2011-10-21,F,TAHITI PERLES CREATIONS,,,,32.12Z,NAFRev2,N
325175,40,32517500040,O,2011-10-21,NN,,3212ZZ,2024-03-30T05:48:29,false,2,,170,,,,AVENUE,DU COL DE L’ANGE,13420,GEMENOS,,,13042,,,,,130420096_B,913005.2782392878,6245869.653506171,,,,,,,,,,,,,,,2014-01-07,F,TAHITI PERLES CREATION,,,,32.12Z,NAFRev2,N
325175,57,32517500057,O,2014-01-07,NN,,,2024-03-30T05:29:10,false,2,,61,,,,RUE,MARX DORMOY,13004,MARSEILLE,,,13204,,,,,132045859_B,894589.9700529675,6247476.0260883765,,,,,,,,,,,,,,,2018-02-07,F,TAHITI PERLES CREATION,,,,32.12Z,NAFRev2,N
325175,65,32517500065,O,2018-02-07,NN,,,2024-03-30T05:28:55,true,1,,51,,,,RUE,MARX DORMOY,13004,MARSEILLE,,,13204,,,,,132045859_B,894569.8467557925,6247518.1219648,,,,,,,,,,,,,,,2018-02-07,A,,,,,32.12Z,NAFRev2,N
1807254,14,180725400014,O,1972-05-01,NN,,,2024-03-30T03:53:05,false,3,,15,,,,RUE,D'INGLEMUR,54200,TOUL,,,54528,,,,,545280700_B,912923.8817613188,6845494.51299018,,,,,,,,,,,,,,,2008-01-01,F,,,,,95.24Z,NAFRev2,N
1807254,22,180725400022,O,2009-10-01,NN,,,2025-01-27T02:40:26,true,2,,31,,,,RUE,D'ALEMBERT,2100,SAINT-QUENTIN,,,2691,,,,,026910115_B,721307.3780863137,6973973.347916682,,,,,,,,,,,,,,,2014-12-31,F,,,,,85.59A,NAFRev2,N
5410220,15,541022000015,O,,NN,,,2024-03-22T15:40:57,true,1,,,,,,RUE,DE HOUDENT,80210,TOURS-EN-VIMEU,,,80765,,,,,,,,,,,,,,,,,,,,,,1988-03-31,F,,,,,22.02,NAP,N
5410345,10,541034500010,O,,NN,,,2024-03-30T16:08:33,true,1,,,,,,ROUTE,DE DOULLENS,80100,ABBEVILLE,,,80001,,,,,800010620_B,617782.5995851721,7001664.069528669,,,,,,,,,,,,,,,1984-12-25,F,,,,,79.06,NAP,N
5410394,18,541039400018,O,,NN,,,2024-03-22T15:40:57,true,1,,,,,,CHE,PETIT,80120,ARGOULES,,,80025,,,,,,,,,,,,,,,,,,,,,,1987-12-01,F,,,,,64.42,NAP,N
5410428,14,541042800014,O,1954-01-01,NN,,,2024-03-30T18:44:50,true,1,,68,,,,CHAUSSEE,MARCADE,80100,ABBEVILLE,,,80001,,,,,800011240_B,616187.0667506256,7002005.876689943,,,,,,,,,,,,,,,1989-06-11,F,,,,,70.2C,NAF1993,N
5410436,17,541043600017,O,,NN,,,2024-03-30T07:06:26,true,1,,,,,,CHAUSSEE,D'HOCQUET,80100,ABBEVILLE,,,80001,,,,,800010950_B,615899.1248229351,7001646.114187017,,,,,,,,,,,,,,,1984-12-25,F,,,,,57.11,NAP,N
5410485,14,541048500014,O,,NN,,,2024-03-22T15:40:57,true,1,,177,,,,RUE,GRANDE,80220,GAMACHES,,,80373,,,,,,,,,,,,,,,,,,,,,,1985-12-25,F,,,,,64.42,NAP,N
5410493,18,541049300018,O,,NN,,,2024-03-22T15:40:57,true,1,,,,,,HAM,DE HAMICOURT,80210,TOURS-EN-VIMEU,,,80765,,,,,,,,,,,,,,,,,,,,,,,F,,,,,86.06,NAP,N
5410501,18,541050100018,O,1954-01-01,NN,,,2024-03-30T17:04:51,true,1,,,,,,RUE,DU FORT MARDI,80150,VIRONCHAUX,,,80808,,,,,808080040_B,615914.9887055407,7021864.711469269,,,,,,,,,,,,,,,2001-12-31,F,,,,,55.4B,NAF1993,N
5410519,10,541051900010,O,,NN,,,2024-03-30T07:27:42,true,1,,10,,,,RUE,PASTEUR,80550,LE CROTOY,,,80228,,,,,802280800_B,601620.6016302361,7014079.917749507,,,,,,,,,,,,,,,,F,,,,,62.11,NAP,N
5410527,13,541052700013,O,,NN,,,2024-03-30T09:09:08,true,1,,84,,,,RUE,PASTEUR,80100,ABBEVILLE,,,80001,,,,,800011480_B,615960.8760042273,7001743.527421082,,,,,,,,,,,,,,,1997-07-01,F,,,,,70.2C,NAF1993,N
5410543,10,541054300010,O,,NN,,,2024-03-30T09:24:30,true,1,,,,,,ROUTE,NATIONALE,80860,NOUVION,,,80598,,,,,805980421_B,612892.0105797307,7013094.491856465,,,,,,,,,,,,,,,,F,,,,,67.05,NAP,N
5410642,10,541064200010,O,,NN,,,2024-03-30T03:12:14,true,1,,1,,,,RUE,DE SAINT-VALERY,80220,GAMACHES,,,80373,,,,,803730920_B,596733.8025706881,6988854.58138133,,,,,,,,,,,,,,,1991-12-31,F,,,,,64.45,NAP,N
5410667,17,541066700017,O,,NN,,,2024-03-22T15:40:57,true,1,,,,,,,,80132,MAREUIL-CAUBERT,,,80512,,,,,,,,,,,,,,,,,,,,,,1996-10-30,F,,,,,55.4B,NAF1993,O
5410675,10,541067500010,O,,NN,,,2024-03-22T15:40:57,true,1,,,,,,,,80270,ALLERY,,,80019,,,,,,,,,,,,,,,,,,,,,,1984-12-25,F,,,,,62.43,NAP,N
5410717,10,541071700010,O,,NN,,,2024-03-30T17:13:15,true,1,,27,,,,RUE,SAINT JEAN,80135,SAINT-RIQUIER,,,80716,,,,,807160515_B,624847.4278977821,7004575.034938539,,,,,,,,,,,,,,,1990-10-31,F,,,,,65.06,NAP,N
5410733,17,541073300017,O,,NN,,,2024-03-30T03:08:54,true,1,,17,,,,PETITE RUE,NOTRE - DAME,80100,ABBEVILLE,,,80001,,,,,800011420_B,616085.4728702786,7001385.212106389,,,,,,,,,,,,,,,,F,,,,,57.03,NAP,N
5410741,10,541074100010,O,,NN,,,2024-03-22T15:40:57,true,1,,,,,,AV,DE LA GARE,80120,QUEND,,,80649,,,,,,,,,,,,,,,,,,,,,,1985-12-25,F,,,,,64.42,NAP,N
5410758,14,541075800014,O,,NN,,,2024-03-30T13:08:50,true,1,,,,,,CHAUSSEE,MARCADE,80100,ABBEVILLE,,,80001,,,,,800011240_B,616143.6933307206,7002084.806655714,,,,,,,,,,,,,,,1984-12-25,F,,,,,67.05,NAP,N
5410816,10,541081600010,O,,NN,,,2024-03-29T22:53:18,true,1,,3,,,,RUE,DE L'ARQUET,80370,HIERMONT,,,80440,,,,,804400002_B,634058.4815024603,7011221.418013085,,,,,,,,,,,,,,,,F,,,,,38.40,NAP,N
5410857,14,541085700014,O,,NN,,,2024-03-30T04:38:49,true,1,,37,,,,RUE,PIERRE SAUVAGE,80100,ABBEVILLE,,,80001,,,,,800011540_B,616258.73457556,7001859.6001464715,,,,,,,,,,,,,,,,F,,,,,62.11,NAP,N
5410873,29,541087300029,O,1980-01-01,NN,,,2024-03-29T23:26:50,true,1,,9,,,,RUE,CHARLES DE GAULLE,80220,GAMACHES,,,80373,,,,,803730110_B,596695.9946395296,6988206.102848349,,,,,,,,,,,,,,,1999-12-31,F,,,,,70.2C,NAF1993,N
5410899,24,541089900024,O,2000-01-01,NN,,,2024-03-30T06:22:01,true,1,,21,,,,BOULEVARD,VOLTAIRE,80100,ABBEVILLE,,,80001,,,,,800012270_B,615793.821516623,7001283.867209569,,,,,,,,,,,,,,,2001-03-22,F,,,,,74.1J,NAF1993,N
5410949,19,541094900019,O,,NN,,,2024-03-30T13:48:46,true,1,,35,,,,PLACE,MAX LEJEUNE,80100,ABBEVILLE,,,80001,,,,,800010970_B,616484.3364561212,7001530.645093034,,,,,,,,,,,,,,,,F,,,,,64.11,NAP,N
5410980,14,541098000014,O,,NN,,,2024-03-22T15:40:57,true,1,,,,,,,,80132,MIANNAY,,,80546,,,,,,,,,,,,,,,,,,,,,,1987-06-30,F,,,,,67.07,NAP,N
5411053,19,541105300019,O,,NN,,,2024-03-30T18:33:22,true,1,,,,,,RUE,D’ABBEVILLE,80870,MOYENNEVILLE,,,80578,,,,,80578fmopny_B,612744.6004444173,6997291.909723834,,,,,,,,,,,,,,,1991-03-31,F,,,,,65.03,NAP,N
5411236,10,541123600010,O,,NN,,,2024-03-22T15:40:57,true,1,,,,,,RUE,DU MOULIN,80220,MAISNIERES,,,80500,,,,,,,,,,,,,,,,,,,,,,,F,,,,,55.40,NAP,N
5411343,14,541134300014,O,,NN,,,2024-04-25T09:37:19,true,1,,,,,,RUE,DU GENERAL LECLERC,80150,CRECY-EN-PONTHIEU,,,80222,,,,,,,,,,,,,,,,,,,,,,1992-10-31,F,,,,,50.1Z,NAF1993,N
5411434,11,541143400011,O,,NN,,,2024-03-22T15:40:57,true,1,,,,,,,,80120,FAVIERES,,,80303,,,,,,,,,,,,,,,,,,,,,,1987-09-30,F,,,,,65.02,NAP,N
5411483,18,541148300018,O,,NN,,,2024-03-22T15:40:57,true,1,,,,,,,,80150,CRECY-EN-PONTHIEU,,,80222,,,,,,,,,,,,,,,,,,,,,,1984-12-25,F,,,,,62.41,NAP,N
5411582,17,541158200017,O,1954-01-01,NN,,,2024-03-30T01:16:04,true,5,,47,,,,CHAUSSEE,DU BOIS,80100,ABBEVILLE,,,80001,,,,,800010210_B,616773.7860598504,7001737.182158355,,,,,,,,,,,,,,,2010-12-25,F,,,,,68.20B,NAFRev2,N
5411699,19,541169900019,O,,NN,,,2024-03-22T15:40:57,true,1,,,,,,,,80150,CRECY-EN-PONTHIEU,,,80222,,,,,,,,,,,,,,,,,,,,,,1999-01-10,F,,,,,57.03,NAP,N
5411806,10,541180600010,O,,NN,,,2024-03-30T17:45:17,true,1,,,,,,RUE,ALFRED FRANCOIS,80100,ABBEVILLE,,,80001,,,,,800010040_B,616663.0281498734,7001744.381647324,,,,,,,,,,,,,,,1984-12-25,F,,,,,62.11,NAP,N
5411954,18,541195400018,O,,NN,,,2024-03-30T10:34:45,true,1,,,,,,RUE,JULES VERNE,80550,LE CROTOY,,,80228,,,,,802280580_B,601994.8698864816,7013894.41416455,,,,,,,,,,,,,,,1984-12-25,F,,,,,38.50,NAP,N
5411962,11,541196200011,O,,NN,,,2024-03-22T15:40:57,true,1,,,,,,,,80150,DOMVAST,,,80250,,,,,,,,,,,,,,,,,,,,,,1990-12-31,F,,,,,67.05,NAP,N
5411996,19,541199600019,O,,NN,,,2024-03-30T07:03:36,true,1,,10,,,,AVENUE,DE LA GARE,80100,ABBEVILLE,,,80001,,,,,800010800_B,615863.9765063404,7001141.841095297,,,,,,,,,,,,,,,,F,,,,,67.04,NAP,N
5420013,12,542001300012,O,,NN,,,2024-03-30T11:32:24,true,1,,264,,,,CHAUSSEE,D'HOCQUET,80100,ABBEVILLE,,,80001,,,,,800010950_B,615757.405433723,7001916.269409503,,,,,,,,,,,,,,,,F,,,,,62.21,NAP,N
5420021,15,542002100015,O,1900-01-01,NN,,,2025-02-15T02:12:15,false,6,,17,,,,RUE,DES LINGERS,80100,ABBEVILLE,,,80001,,,,,800011190_B,616546.4188528932,7001583.181356614,,,,,,,,,,,,,,,2008-09-05,F,,,,,46.69B,NAFRev2,O
5420021,23,542002100023,O,1995-02-14,NN,,,2024-03-30T12:39:13,false,6,,,,,,RUE,TUROLD,76630,ENVERMEU,,,76235,,,,,762350142_B,574985.791656942,6979212.0500528645,,,,,,,,,,,,,,,2009-12-31,F,,,,,46.69B,NAFRev2,O
5420021,31,542002100031,O,1996-03-15,NN,,,2024-03-30T12:39:13,false,5,,134,,,,RUE,HENRI BARBUSSE,80130,FRIVILLE-ESCARBOTIN,,,80368,,,,,803680640_B,595577.1655949035,6999277.967600873,,,,,,,,,,,,,,,2009-12-31,F,,,,,46.69B,NAFRev2,O
5420021,49,542002100049,O,2008-09-05,NN,,,2024-03-30T12:39:13,false,2,ZAC DES DEUX VALLEES,52,,,,RUE,VENTOSE,80100,ABBEVILLE,,,80001,,,,,800012235_B,618705.2706935114,7001057.516014204,,,,,,,,,,,,,,,2009-12-23,F,,,,,46.69B,NAFRev2,O
5420021,56,542002100056,O,2009-12-23,NN,,,2025-01-27T02:51:45,true,1,,21,B,,,BOULEVARD,DES PRES,80100,ABBEVILLE,,,80001,,,,,800011770_B,616393.5745431304,7000826.96739121,,,,,,,,,,,,,,,2009-12-23,A,,,,,46.69B,NAFRev2,O
5420039,17,542003900017,O,,NN,,,2024-03-30T15:20:54,true,1,,3,,,,PLACE,DU PILORI,80100,ABBEVILLE,,,80001,,,,,800011560_B,616589.0502735551,7001637.787003536,,,,,,,,,,,,,,,,F,,,,,59.02,NAP,N
5420047,10,542004700010,O,1900-01-01,NN,,,2024-03-22T15:40:57,true,5,,114,,,,CHS,MARCADE,80100,ABBEVILLE,,,80001,,,,,,,,,,,,,,,,,,,,,,2004-09-24,F,,,,,45.3F,NAFRev1,O
5420047,28,542004700028,O,1973-07-01,NN,,,2024-03-22T15:40:57,false,3,,2,,,,,RIVE DROITE DE LA SOMME,80100,ABBEVILLE,,,80001,,,,,,,,,,,,,,,,,,,,,,2004-09-24,F,,,,,52.4Y,NAFRev1,N
5420054,24,542005400024,O,,NN,,,2024-03-22T15:40:57,true,1,,54,,,,RUE,DES ECOLES,80970,SAILLY-FLIBEAUCOURT,,,80692,,,,,,,,,,,,,,,,,,,,,,1999-08-31,F,,,,,28.6F,NAF1993,O
5420070,20,542007000020,O,,NN,,,2024-03-22T15:40:57,true,1,,2,,,,,VOIE NOUVELLE,80100,ABBEVILLE,,,80001,,,,,,,,,,,,,,,,,,,,,,1987-02-02,F,,,,,70.2C,NAF1993,N
5420088,14,542008800014,O,,NN,,,2024-03-22T15:40:57,true,1,,3,,,,RUE,DES LINGERS,80100,ABBEVILLE,,,80001,,,,,,,,,,,,,,,,,,,,,,1992-06-29,F,,,,,52.4N,NAF1993,N
5420104,19,542010400019,O,1954-01-01,NN,,,2024-03-22T15:40:57,true,5,,13,,,,PL,MAX LEJEUNE,80100,ABBEVILLE,,,80001,,,,,,,,,,,,,,,,,,,,,,2013-12-16,F,,,,,47.71Z,NAFRev2,O
5420120,15,542012000015,O,1989-01-27,1,2023,,2024-03-30T03:44:04,false,4,,,,,,RUE,DE LA FONTAINE,80120,RUE,,,80688,,,,,806880420_B,605361.4086290048,7020443.360403413,,,,,,,,,,,,,,,2008-01-01,A,,,,,10.81Z,NAFRev2,O
5420120,23,542012000023,O,1900-01-01,NN,,,2024-03-30T03:44:04,false,5,,12,,,,ROUTE,DE MONTREUIL,62180,RANG-DU-FLIERS,,,62688,,,,,626880420_B,603908.6742656698,7036437.727362791,,,,,,,,,,,,,,,2014-04-30,A,,,,,52.10B,NAFRev2,N
5420120,31,542012000031,O,1900-01-01,2,2023,,2025-02-06T02:30:46,true,6,,,,,,ROUTE,NATIONALE,62140,MARCONNELLE,,,62550,,,,,625500050_B,629760.27887038,7031222.801711981,,,,,,,,,,,,,,,2008-04-23,A,,,,,70.10Z,NAFRev2,O
5420120,49,542012000049,O,1900-01-01,NN,,,2024-03-30T03:44:04,false,6,,,,,,RUE,DE LA GARE,62180,CONCHIL-LE-TEMPLE,,,62233,,,,,622330059_B,604705.0749943635,7030281.973691936,,,,,,,,,,,,,,,2020-12-21,F,,,,,46.75Z,NAFRev2,N
5420146,10,542014600010,O,,NN,,,2024-03-22T15:40:57,true,1,,,,,,PL,DU GENERAL LECLERC,80120,RUE,,,80688,,,,,,,,,,,,,,,,,,,,,,1984-12-25,F,,,,,64.12,NAP,N
5420153,16,542015300016,O,,NN,,,2024-03-22T15:40:57,true,1,,,,,,RUE,MARECHAL FOCH,80100,ABBEVILLE,,,80001,,,,,,,,,,,,,,,,,,,,,,1984-12-25,F,,,,,58.12,NAP,N
5420187,14,542018700014,O,,NN,,,2024-03-22T15:40:57,true,1,,,,,,CHS,D HOCQUET,80100,ABBEVILLE,,,80001,,,,,,,,,,,,,,,,,,,,,,1984-12-25,F,,,,,38.40,NAP,N
5420195,33,542019500033,O,,NN,,,2024-03-22T15:40:57,true,1,,,,,,,AU CHEMIN DE LA RIVIERE,80140,RAMBURES,,,80663,,,,,,,,,,,,,,,,,,,,,,2001-07-31,F,,,,,51.2A,NAF1993,O
5420245,10,542024500010,O,,NN,,,2024-03-30T12:40:17,true,1,,2,,,,BOULEVARD,VAUBAN,80100,ABBEVILLE,,,80001,,,,,800012210_B,616871.3748239464,7001754.900468939,,,,,,,,,,,,,,,1986-07-03,F,,,,,81.21,NAP,N
5420260,19,542026000019,O,1900-01-01,NN,,,2024-03-30T02:52:33,true,3,,,,,,RUE,JOLIOT CURIE,80570,DARGNIES,,,80235,,,,,802350240_B,594288.7735014518,6995038.873381188,,,,,,,,,,,,,,,1991-12-25,F,,,,,20.01,NAP,N
5420278,11,542027800011,O,,NN,,,2024-03-22T15:40:57,true,1,,,,,,,,80270,ALLERY,,,80019,,,,,,,,,,,,,,,,,,,,,,1984-12-25,F,,,,,44.33,NAP,N
5440011,12,544001100012,O,1991-09-30,NN,,,2025-01-29T02:46:51,true,4,LES MARRONNIERS,,,,,AVENUE,DE VERDUN,4000,DIGNE-LES-BAINS,,,4070,,,,,040701680_B,957717.8159985486,6337333.42628869,,,,,,,,,,,,,,,2012-02-02,F,,,,,68.20B,NAFRev2,N
5440078,11,544007800011,O,,NN,,,2024-03-22T15:40:57,true,1,,,,,,,,4370,COLMARS,,,4061,,,,,,,,,,,,,,,,,,,,,,1985-12-25,F,,,,,62.11,NAP,N
5440110,38,544011000038,O,1900-01-01,NN,,,2025-01-15T02:10:40,false,4,,,,,,COURS,PECHINEY,4600,CHATEAU-ARNOUX-SAINT-AUBAN,,,4049,,,,,040490585_B,939798.2952130096,6334834.39187688,,,,,,,,,,,,,,,1995-12-25,F,,,,,52.4T,NAF1993,O
5440110,53,544011000053,O,1991-11-04,NN,,,2024-03-30T03:04:56,false,4,,13,,,,BOULEVARD,GASSENDI,4000,DIGNE-LES-BAINS,,,4070,,,,,040700710_B,958767.0310905599,6337807.654337299,,,,,,,,,,,,,,,1996-12-25,F,,,,,70.2C,NAF1993,N
5440110,61,544011000061,O,1995-10-01,NN,,,2024-03-30T03:33:22,true,3,,6,,,,RUE,FIRMIN GUICHARD,4000,DIGNE-LES-BAINS,,,4070,,,,,040700630_B,958470.4280280268,6337133.430129497,,,,,,,,,,,,,,,2008-01-01,A,,,,,68.20B,NAFRev2,N
5440136,17,544013600017,O,,NN,,,2024-03-22T15:40:57,true,1,,,,,,,,4500,QUINSON,,,4158,,,,,,,,,,,,,,,,,,,,,,,F,,,,,67.09,NAP,N
5440185,14,544018500014,O,1954-01-01,NN,,,2024-03-22T15:40:57,true,3,,,,,,,,4250,TURRIERS,,,4222,,,,,,,,,,,,,,,,,,,,,,2006-03-01,F,,,,,52.1B,NAFRev1,N
5440219,11,544021900011,O,,NN,,,2024-03-22T15:40:57,true,1,,,,,,,,4210,VALENSOLE,,,4230,,,,,,,,,,,,,,,,,,,,,,1984-12-25,F,,,,,00.97,NAP,N
5440235,17,544023500017,O,,NN,,,2024-03-22T15:40:57,true,1,,,,,,,,4170,THORAME-BASSE,,,4218,,,,,,,,,,,,,,,,,,,,,,1984-12-25,F,,,,,60.01,NAP,N
5440409,18,544040900018,O,,NN,,,2024-03-30T07:16:30,true,1,,,,,,RUE,CHAPUZIE,4200,SISTERON,,,4209,,,,,042090230_B,935378.516026363,6348611.493909222,,,,,,,,,,,,,,,1984-12-25,F,,,,,64.46,NAP,N
5440508,17,544050800017,O,,NN,,,2024-03-30T17:33:59,true,1,,,,,,RTE,NEUVE,4160,CHATEAU ARNOUX SAINT AUBAN,,,4049,,,,,040490530_C,,,,,,,,,,,,,,,,,1991-12-31,F,,,,,57.08,NAP,N
5440557,14,544055700014,O,,NN,,,2024-03-30T09:51:49,true,1,,,,,,PLACE,DES RECOLLETS,4000,DIGNE-LES-BAINS,,,4070,,,,,04070v0om9q_B,959339.4769408583,6337857.147596054,,,,,,,,,,,,,,,1984-12-25,F,,,,,00.97,NAP,N
5440565,17,544056500017,O,1954-01-01,NN,,,2024-03-30T12:23:31,true,4,,,,,,PLACE,DU GENERAL DE GAULLE,4200,SISTERON,,,4209,,,,,042090648_B,935232.2103834725,6348453.166222636,,,,,,,,,,,,,,,2014-12-25,F,,,,,68.20B,NAFRev2,N
5440649,19,544064900019,O,,NN,,,2024-03-22T15:40:57,true,1,,,,,,RUE,LOGIS,4800,SAINT-MARTIN-DE-BROMES,,,4189,,,,,,,,,,,,,,,,,,,,,,1988-09-30,F,,,,,62.11,NAP,N
5440672,11,544067200011,O,,NN,,,2024-03-22T15:40:57,true,1,,,,,,,,4120,CASTELLANE,,,4039,,,,,,,,,,,,,,,,,,,,,,1984-12-25,F,,,,,00.97,NAP,N
5440698,16,544069800016,O,,NN,,,2024-03-22T15:40:57,true,1,,,,,,,,4370,COLMARS,,,4061,,,,,,,,,,,,,,,,,,,,,,1984-12-25,F,,,,,67.07,NAP,N
5440722,14,544072200014,O,,NN,,,2024-03-22T15:40:57,true,1,,,,,,,,4120,CASTELLANE,,,4039,,,,,,,,,,,,,,,,,,,,,,1984-12-25,F,,,,,00.10,NAP,N
5440755,14,544075500014,O,,NN,,,2024-03-22T15:40:57,true,1,,,,,,,,4190,LES MEES,,,4116,,,,,,,,,,,,,,,,,,,,,,1984-12-25,F,,,,,64.11,NAP,N
5440789,13,544078900013,O,,NN,,,2024-03-22T15:40:57,true,1,,,,,,,,4530,LA CONDAMINE-CHATELARD,,,4062,,,,,,,,,,,,,,,,,,,,,,1984-12-25,F,,,,,62.11,NAP,N
5440797,16,544079700016,O,,NN,,,2024-03-22T15:40:57,true,1,,,,,,,,4700,ORAISON,,,4143,,,,,,,,,,,,,,,,,,,,,,,F,,,,,60.07,NAP,N
5440813,29,544081300029,O,,NN,,,2024-03-22T15:40:57,true,1,,,,,,,LE FOREST DE BAYONS,4250,LA MOTTE-DU-CAIRE,,,4134,,,,,,,,,,,,,,,,,,,,,,1989-12-31,F,,,,,55.3A,NAF1993,N
5440847,19,544084700019,O,,NN,,,2024-03-22T15:40:57,true,1,,,,,,,,4140,VERDACHES,,,4235,,,,,,,,,,,,,,,,,,,,,,1984-12-25,F,,,,,69.22,NAP,N
5440904,18,544090400018,O,,NN,,,2024-03-22T15:40:57,true,1,,,,,,HAM,LES BAUMES,4200,MISON,,,4123,,,,,,,,,,,,,,,,,,,,,,1984-12-25,F,,,,,00.97,NAP,N
5440938,16,544093800016,O,,NN,,,2024-03-22T15:40:57,true,1,,,,,,,,4200,MISON,,,4123,,,,,,,,,,,,,,,,,,,,,,,F,,,,,01.80,NAP,N
5440987,13,544098700013,O,,NN,,,2024-03-22T15:40:57,true,1,,,,,,,,4500,MONTAGNAC-MONTPEZAT,,,4124,,,,,,,,,,,,,,,,,,,,,,1984-12-25,F,,,,,00.97,NAP,N
5441027,17,544102700017,O,,NN,,,2024-03-22T15:40:57,true,1,,,,,,RUE,NEUVE,4140,SEYNE,,,4205,,,,,,,,,,,,,,,,,,,,,,1984-12-25,F,,,,,00.97,NAP,N
5441035,10,544103500010,O,,NN,,,2024-03-30T15:12:35,true,1,,18,,,,RUE,PIED DE VILLE,4000,DIGNE-LES-BAINS,,,4070,,,,,040701250_B,958935.9194995185,6337771.873255632,,,,,,,,,,,,,,,1995-06-30,F,,,,,52.1B,NAF1993,N
5441043,14,544104300014,O,1954-01-01,NN,,,2024-03-29T23:57:12,true,4,,5,,,,BOULEVARD,VICTOR HUGO,4000,DIGNE-LES-BAINS,,,4070,,,,,040701690_B,959040.2709690101,6338113.864861579,,,,,,,,,,,,,,,2008-01-01,F,,,,,68.20B,NAFRev2,N
5441068,11,544106800011,O,,NN,,,2024-03-22T15:40:57,true,1,,,,,,RUE,LT BLONDEAU,4120,CASTELLANE,,,4039,,,,,,,,,,,,,,,,,,,,,,1989-12-31,F,,,,,38.40,NAP,N
5441134,11,544113400011,O,,NN,,,2024-03-30T13:15:41,true,1,,42,,,,RUE,MANUEL,4400,BARCELONNETTE,,,4019,,,,,040190340_B,990743.8967252749,6372053.417994357,,,,,,,,,,,,,,,1992-11-30,F,,,,,52.1J,NAF1993,N
5441159,18,544115900018,O,,NN,,,2024-03-22T15:40:57,true,1,,,,,,QUAI,SAINT AUBAN,4160,CHATEAU-ARNOUX-SAINT-AUBAN,,,4049,,,,,,,,,,,,,,,,,,,,,,1984-12-25,F,,,,,00.97,NAP,N
5441191,29,544119100029,O,,NN,,,2024-03-30T04:09:11,true,1,,,,,,ALLEE,DES ERABLES,4160,CHATEAU-ARNOUX-SAINT-AUBAN,,,4049,,,,,040490295_B,940923.0737534685,6338142.966193407,,,,,,,,,,,,,,,1985-12-25,F,,,,,62.41,NAP,N
5441233,11,544123300011,O,,NN,,,2024-03-22T15:40:57,true,1,,,,,,,,4370,COLMARS,,,4061,,,,,,,,,,,,,,,,,,,,,,1984-12-25,F,,,,,67.04,NAP,N
5441241,14,544124100014,O,,NN,,,2024-03-22T15:40:57,true,1,,,,,,QUAI,PLANTIERS,4200,SISTERON,,,4209,,,,,,,,,,,,,,,,,,,,,,1984-12-25,F,,,,,69.11,NAP,N
5441266,11,544126600011,O,,NN,,,2024-03-22T15:40:57,true,1,,,,,,,,4270,ESTOUBLON,,,4084,,,,,,,,,,,,,,,,,,,,,,1984-12-25,F,,,,,00.97,NAP,N
5441316,14,544131600014,O,,NN,,,2024-03-22T15:40:57,true,1,,,,,,,,4240,ANNOT,,,4008,,,,,,,,,,,,,,,,,,,,,,1984-12-25,F,,,,,38.50,NAP,N
5441357,18,544135700018,O,,NN,,,2024-03-22T15:40:57,true,1,,,,,,,,4190,LES MEES,,,4116,,,,,,,,,,,,,,,,,,,,,,1984-12-25,F,,,,,00.97,NAP,N
5441365,11,544136500011,O,,NN,,,2024-03-30T09:29:07,true,1,,4,,,,PL,DU MARCHE,4000,DIGNE-LES-BAINS,,,4070,,,,,040701020_C,,,,,,,,,,,,,,,,,1990-05-02,F,,,,,58.11,NAP,N
5441373,15,544137300015,O,,NN,,,2024-03-22T15:40:57,true,1,,,,,,,,4360,MOUSTIERS-SAINTE-MARIE,,,4135,,,,,,,,,,,,,,,,,,,,,,1987-06-10,F,,,,,81.21,NAP,N
5441399,10,544139900010,O,,NN,,,2024-03-22T15:40:57,true,1,,,,,,,,4170,LA MURE-ARGENS,,,4136,,,,,,,,,,,,,,,,,,,,,,1989-03-11,F,,,,,69.12,NAP,N
5441407,11,544140700011,O,,NN,,,2024-03-30T08:19:11,true,1,,,,,,RUE,BASSE,4140,SEYNE,,,4205,,,,,042050026_C,,,,,,,,,,,,,,,,,1992-12-31,F,,,,,93.0D,NAF1993,N
5441449,13,544144900013,O,,NN,,,2024-03-22T15:40:57,true,1,,,,,,,,4800,GREOUX-LES-BAINS,,,4094,,,,,,,,,,,,,,,,,,,,,,1984-12-25,F,,,,,00.97,NAP,N
5441548,12,544154800012,O,,NN,,,2024-03-30T09:21:03,true,1,,39,,,,RUE,DE L'HUBAC,4000,DIGNE-LES-BAINS,,,4070,,,,,040700870_B,959019.3230246742,6337913.291135602,,,,,,,,,,,,,,,,F,,,,,64.49,NAP,N
5441589,16,544158900016,O,,NN,,,2024-03-22T15:40:57,true,1,,,,,,PL,DR ITARD,4700,ORAISON,,,4143,,,,,,,,,,,,,,,,,,,,,,1990-06-08,F,,,,,59.08,NAP,N
5441597,19,544159700019,O,,NN,,,2024-03-30T05:42:32,true,1,,,,,,BOULEVARD,GASSENDI,4000,DIGNE-LES-BAINS,,,4070,,,,,040700710_B,959158.658725575,6338041.102798583,,,,,,,,,,,,,,,1985-12-25,F,,,,,64.45,NAP,N
5441613,14,544161300014,O,,NN,,,2024-03-22T15:40:57,true,1,,,,,,,,4160,CHATEAU-ARNOUX-SAINT-AUBAN,,,4049,,,,,,,,,,,,,,,,,,,,,,1984-12-25,F,,,,,62.44,NAP,N
5441621,17,544162100017,O,,NN,,,2024-03-22T15:40:57,true,1,,,,,,,,4700,PUIMICHEL,,,4156,,,,,,,,,,,,,,,,,,,,,,1984-12-25,F,,,,,00.97,NAP,N
5441662,11,544166200011,O,,NN,,,2024-03-30T02:53:52,true,1,,,,,,PLACE,DU MARCHE,4210,VALENSOLE,,,4230,,,,,042300220_B,939884.0538555554,6308740.752985879,,,,,,,,,,,,,,,1985-12-25,F,,,,,62.11,NAP,N
5450010,11,545001000011,O,,NN,,,2024-03-22T15:40:57,true,1,,,,,,,,4160,CHATEAU-ARNOUX-SAINT-AUBAN,,,4049,,,,,,,,,,,,,,,,,,,,,,1984-12-25,F,,,,,00.97,NAP,N
5450051,15,545005100015,O,,NN,,,2024-03-22T15:40:57,true,1,,,,,,QUAI,DE LA BONNETTE,4000,DIGNE-LES-BAINS,,,4070,,,,,,,,,,,,,,,,,,,,,,1984-12-25,F,,,,,00.97,NAP,N
5450093,17,545009300017,O,1900-01-01,NN,,,2024-03-22T15:40:57,false,4,,5,,,,ALL,L GARDIOL,4500,RIEZ,,,4166,,,,,,,,,,,,,,,,,,,,,,2001-02-20,F,,,,,60.2B,NAF1993,O
5450093,25,545009300025,O,1991-01-01,NN,,,2024-03-22T15:40:57,false,4,,,,,,QUAI,STE ANNE,4500,RIEZ,,,4166,,,,,,,,,,,,,,,,,,,,,,2010-12-31,F,,,,,45.20A,NAFRev2,N
5450093,33,545009300033,O,2001-02-20,NN,,,2024-08-21T15:11:11,true,9,LE PASSY,,,,,AVENUE,DES THERMES,4800,GREOUX-LES-BAINS,,,4094,,,,,040940265_B,932925.206722315,6299701.38983598,,,,,,,,,,,,,,,2024-08-01,A,PASSIONNEMENT GLAMOUR,,,PASSIONNEMENT GLAMOUR,77.11A,NAFRev2,N
5450093,41,545009300041,O,2011-04-12,NN,,,2024-03-30T02:10:01,false,2,,36,,,,RUE,GRANDE,4800,GREOUX-LES-BAINS,,,4094,,,,,040940101_B,932197.0599565107,6299741.135202246,,,,,,,,,,,,,,,2022-02-15,F,PASSIONNEMENT GLAMOUR,,,PASSIONNEMENT GLAMOUR,47.71Z,NAFRev2,O
5450093,58,545009300058,O,2015-02-01,NN,,,2025-02-12T02:28:08,false,3,,27,,,,RUE,GRANDE,4800,GREOUX-LES-BAINS,,,4094,,,,,040940101_B,932214.9164183927,6299744.345233857,,,,,,,,,,,,,,,2016-12-31,F,,,,,47.71Z,NAFRev2,O
5450101,26,545010100026,O,,NN,,,2024-03-22T15:40:57,true,1,,4,,,,BD,LA FERRAGE,13860,PEYROLLES-EN-PROVENCE,,,13074,,,,,,,,,,,,,,,,,,,,,,1988-09-26,F,,,,,18.11,NAP,N
5450119,10,545011900010,O,1986-03-24,NN,,,2025-02-02T02:08:37,false,4,,63,,,,BD,GASSENDI,4000,DIGNE-LES-BAINS,,,4070,,,,,,,,,,,,,,,,,,,,,,1994-12-25,F,LE GRAND CAFE,,,,92.3H,NAF1993,O
5450119,28,545011900028,O,1994-05-01,NN,,,2025-02-01T03:04:00,true,4,ROUTE DE MARSEILLE,,,,,,SAINT CHRISTOPHE,4000,DIGNE-LES-BAINS,,,4070,,,,,,,,,,,,,,,,,,,,,,2021-12-01,F,,,,,70.10Z,NAFRev2,N
5450119,36,545011900036,O,1994-05-01,NN,,,2024-03-22T15:40:57,false,7,,3,,,,BD,GASSENDI,4000,DIGNE-LES-BAINS,,,4070,,,,,,,,,,,,,,,,,,,,,,2021-12-01,F,,,,,56.30Z,NAFRev2,N
5470018,10,547001800010,O,,NN,,,2024-03-30T11:33:20,true,1,,,,,,AVENUE,DU MARCHE,44500,LA BAULE-ESCOUBLAC,,,44055,,,,,440552280_B,292548.0182730965,6701155.909846965,,,,,,,,,,,,,,,1985-12-25,F,,,,,55.40,NAP,N
5470075,10,547007500010,O,,NN,,,2024-03-30T05:39:31,true,1,,13,,,,RUE,DU CENTRE,44510,LE POULIGUEN,,,44135,,,,,441350320_B,289902.2857447196,6700376.200751204,,,,,,,,,,,,,,,1984-12-25,F,,,,,67.08,NAP,N
5470190,17,547019000017,O,,NN,,,2024-03-30T03:48:16,true,1,,,,,,RUE,DE KERVENEL,44490,LE CROISIC,,,44049,,,,,44049dn1fdp_B,283628.42302360316,6702149.455128196,,,,,,,,,,,,,,,1984-12-25,F,,,,,69.12,NAP,N
5470208,17,547020800017,O,,NN,,,2024-03-30T06:33:38,true,1,,105,,,,AVENUE,DE LA REPUBLIQUE,44600,SAINT-NAZAIRE,,,44184,,,,,441845330_B,306394.8671315011,6700080.851396272,,,,,,,,,,,,,,,2000-02-05,F,,,,,64.11,NAP,N
5470430,17,547043000017,O,,NN,,,2024-03-30T07:42:53,true,1,,2,,,,RUE,CHARLES BRUNELIERE,44570,TRIGNAC,,,44210,,,,,442100120_B,308393.95567861426,6703588.391542487,,,,,,,,,,,,,,,,F,,,,,62.43,NAP,N
5470455,14,547045500014,O,,NN,,,2024-03-22T15:40:57,true,1,,,,,,LD,LA BOSSE,44500,LA BAULE-ESCOUBLAC,,,44055,,,,,,,,,,,,,,,,,,,,,,1984-12-25,F,,,,,62.41,NAP,N
5470489,13,547048900013,O,,NN,,,2024-03-22T15:40:57,true,1,,,,,,LD,LE PONT DENYON,44480,DONGES,,,44052,,,,,,,,,,,,,,,,,,,,,,1984-12-25,F,,,,,86.06,NAP,N
5470620,13,547062000013,O,,NN,,,2024-03-30T10:13:57,true,1,,17,,,,RUE,DES CHANTIERS,44600,SAINT-NAZAIRE,,,44184,,,,,441840940_B,307738.5838792672,6700710.666355408,,,,,,,,,,,,,,,1993-03-31,F,,,,,55.4B,NAF1993,N
5470653,14,547065300014,O,,NN,,,2024-03-30T15:24:01,true,1,,23,,,,BOULEVARD,LEON GAMBETTA,44600,SAINT-NAZAIRE,,,44184,,,,,441843760_B,305853.26264148514,6699307.348620462,,,,,,,,,,,,,,,1993-08-16,F,,,,,52.1B,NAF1993,N
5470927,20,547092700020,O,,NN,,,2024-03-29T22:56:47,true,1,,,,,,AVENUE,DE LA FORET,44300,NANTES,,,44109,,,,,441093215_B,353972.1143382263,6692565.270608051,,,,,,,,,,,,,,,1984-12-25,F,,,,,64.14,NAP,N
5470943,19,547094300019,O,,NN,,,2024-03-22T15:40:57,true,1,,,,,,,,44130,BLAIN,,,44015,,,,,,,,,,,,,,,,,,,,,,1984-12-25,F,,,,,58.03,NAP,N
5470984,13,547098400013,O,,NN,,,2024-03-30T15:50:20,true,1,,,,,,AVENUE,DE VERA CRUZ,44600,SAINT-NAZAIRE,,,44184,,,,,441845800_B,306140.70462324616,6698577.42685419,,,,,,,,,,,,,,,1984-12-25,F,,,,,40.32,NAP,N
5471065,10,547106500010,O,,NN,,,2024-03-22T15:40:57,true,1,,1,,,,PL,DU GENERAL D ARGENCE,44410,HERBIGNAC,,,44072,,,,,,,,,,,,,,,,,,,,,,1987-12-31,F,,,,,67.04,NAP,N
5471115,13,547111500013,O,,NN,,,2024-03-30T02:42:34,true,1,,45,,,,RUE,DE LA PAIX ET DES ARTS,44600,SAINT-NAZAIRE,,,44184,,,,,441844540_B,306149.10523761663,6699324.404477936,,,,,,,,,,,,,,,,F,,,,,64.11,NAP,N
5471214,14,547121400014,O,,NN,,,2024-03-30T08:38:06,true,1,,8,,,,PLACE,DE L’HOTEL DE VILLE,44260,SAVENAY,,,44195,,,,,441950660_B,327098.0013590085,6707133.285121897,,,,,,,,,,,,,,,,F,,,,,64.11,NAP,N
5471420,17,547142000017,O,,NN,,,2024-03-30T18:36:21,true,1,,,,,,BOULEVARD,DE VERDUN,44600,SAINT-NAZAIRE,,,44184,,,,,441845810_B,306828.21107671177,6698638.8800582895,,,,,,,,,,,,,,,1984-12-25,F,,,,,62.11,NAP,N
5471438,19,547143800019,O,,NN,,,2024-03-30T07:49:25,true,1,,,,,,,BEAULIEU,44160,PONTCHATEAU,,,44129,,,,,44129ciepmr_B,313898.17020227696,6718070.814776202,,,,,,,,,,,,,,,1995-08-31,F,,,,,70.2C,NAF1993,N
5471495,19,547149500019,O,,NN,,,2024-03-30T08:34:52,true,1,,,,,,RUE,DE VERDUN,44260,SAVENAY,,,44195,,,,,441951500_B,327253.43211430515,6707121.428677546,,,,,,,,,,,,,,,1985-12-25,F,,,,,55.72,NAP,N
5471578,12,547157800012,O,,NN,,,2024-03-22T15:40:57,true,1,,,,,,PL,DE L EGLISE,44130,LE GAVRE,,,44062,,,,,,,,,,,,,,,,,,,,,,1987-09-30,F,,,,,67.04,NAP,N
5471594,19,547159400019,O,,NN,,,2024-03-30T04:55:56,true,1,,,,,,PLACE,DE L'EGLISE,44530,GUENROUET,,,44068,,,,,440680054_B,327387.940368498,6724928.080642659,,,,,,,,,,,,,,,1984-12-25,F,,,,,38.40,NAP,N
5471602,10,547160200010,O,,NN,,,2024-03-29T23:57:03,true,1,,,,,,RUE,DE PORNICHET,44600,SAINT-NAZAIRE,,,44184,,,,,441845040_B,305316.858968562,6698272.37869516,,,,,,,,,,,,,,,1985-12-25,F,,,,,81.21,NAP,N
5471628,15,547162800015,O,,NN,,,2024-03-30T09:59:12,true,1,,22,,,,RUE,GREGOIRE ORAIN,44460,FEGREAC,,,44057,,,,,440570048_B,321072.4128862464,6732543.074858731,,,,,,,,,,,,,,,1992-06-30,F,,,,,85.1J,NAF1993,N
5471685,15,547168500015,O,,NN,,,2024-03-30T13:17:38,true,1,,,,,,ROUTE,DE NANTES,44160,PONTCHATEAU,,,44129,,,,,441290380_B,316974.18278246047,6715902.910880926,,,,,,,,,,,,,,,1984-12-25,F,,,,,67.08,NAP,N
5471743,12,547174300012,O,,NN,,,2024-03-30T10:10:08,true,1,,,,,,AVENUE,DE LA REPUBLIQUE,44600,SAINT-NAZAIRE,,,44184,,,,,441845330_B,306283.95956953056,6699592.571782289,,,,,,,,,,,,,,,1984-12-25,F,,,,,64.12,NAP,N
5471768,19,547176800019,O,,NN,,,2024-03-30T00:32:30,true,1,,,,,,AVENUE,DES IBIS,44500,LA BAULE-ESCOUBLAC,,,44055,,,,,440551760_B,292486.80545280117,6701131.595625649,,,,,,,,,,,,,,,1984-12-25,F,,,,,40.32,NAP,N
5471784,16,547178400016,O,,NN,,,2024-03-22T15:40:57,true,1,,,,,,RUE,HOTEL VILLE,44290,GUEMENE-PENFAO,,,44067,,,,,,,,,,,,,,,,,,,,,,1988-08-31,F,,,,,15.8C,NAF1993,N
5471800,10,547180000010,O,1900-01-01,NN,,,2025-01-22T02:26:20,false,4,,145,,,,AVENUE,DU GENERAL DE GAULLE,44500,LA BAULE-ESCOUBLAC,,,44055,,,,,440551380_B,292786.6751624995,6701236.895262786,,,,,,,,,,,,,,,1997-04-30,F,LA BAULE AMEUBLEMENT,,,,52.4H,NAF1993,N
5471800,28,547180000028,O,1900-01-01,NN,,,2025-01-21T03:15:58,true,4,,,,,,ROUTE,DE LA BAULE,44350,GUERANDE,,,44069,,,,,440690166_B,291880.56220300717,6702461.229644594,,,,,,,,,,,,,,,2016-12-25,F,,,,,68.20B,NAFRev2,N
5471842,12,547184200012,O,,NN,,,2024-03-22T15:40:57,true,1,,,,,,PL,ABB CORBILLE,44130,BOUVRON,,,44023,,,,,,,,,,,,,,,,,,,,,,,F,,,,,62.44,NAP,N
5471891,19,547189100019,O,,NN,,,2024-03-22T15:40:57,true,1,,,,,,,ESP BENOIT,44500,LA BAULE-ESCOUBLAC,,,44055,,,,,,,,,,,,,,,,,,,,,,1984-12-25,F,,,,,62.46,NAP,N
5471941,12,547194100012,O,,NN,,,2024-03-30T14:19:50,true,1,,,,,,AVENUE,DONIZETTI,44500,LA BAULE-ESCOUBLAC,,,44055,,,,,440551070_B,294633.59831421165,6700352.106814397,,,,,,,,,,,,,,,1984-12-25,F,,,,,65.06,NAP,N
5471958,16,547195800016,O,,NN,,,2024-03-30T10:51:27,true,1,,15,,,,AVENUE,GEORGES CLEMENCEAU,44500,LA BAULE-ESCOUBLAC,,,44055,,,,,440551440_B,292936.55668401974,6701348.119064698,,,,,,,,,,,,,,,1988-09-30,F,,,,,67.08,NAP,N
5472014,17,547201400017,O,,NN,,,2024-03-30T10:42:25,true,1,,,,,,ROUTE,DE VANNES,44160,PONTCHATEAU,,,44129,,,,,441290590_B,315750.5220757051,6716708.7563100085,,,,,,,,,,,,,,,1984-12-25,F,,,,,65.03,NAP,N
5472022,28,547202200028,O,,NN,,,2024-03-30T12:29:23,true,1,,,,,,BOULEVARD,DES OCEANIDES,44380,PORNICHET,,,44132,,,,,441321040_B,295971.26717918064,6698886.544072039,,,,,,,,,,,,,,,1987-07-09,F,,,,,86.09,NAP,N
5472063,14,547206300014,O,,NN,,,2024-03-30T15:09:55,true,1,,163,B,,,,MAYUN,44410,LA CHAPELLE DES MARAIS,,,44030,,,,,44030B215_C,,,,,,,,,,,,,,,,,1990-06-30,F,,,,,54.08,NAP,N
5472238,20,547223800020,O,1900-01-01,NN,,,2025-01-18T02:24:22,true,3,,,,,,,LE BOURG,44630,PLESSE,,,44128,,,,,44128B440_C,,,,,,,,,,,,,,,,,2006-06-30,F,,,,,70.2C,NAFRev1,N
5472253,11,547225300011,O,,NN,,,2024-03-30T03:36:36,true,1,,276,,,,AVENUE,DU MARECHAL DE LATTRE DE TASSIGNY,44500,LA BAULE-ESCOUBLAC,,,44055,,,,,440552290_B,291433.38609329093,6700937.119264602,,,,,,,,,,,,,,,,F,,,,,67.08,NAP,N
5472261,14,547226100014,O,,NN,,,2024-03-30T03:23:45,true,1,,,,,,,LA VILLES DAVAUD,44380,PORNICHET,,,44132,,,,,44132B294_C,,,,,,,,,,,,,,,,,1996-09-30,F,,,,,37.2Z,NAF1993,N
5472683,19,547268300019,O,,NN,,,2024-03-22T15:40:57,true,1,,,,,,,BOURG,44530,SAINT-GILDAS-DES-BOIS,,,44161,,,,,,,,,,,,,,,,,,,,,,1984-12-25,F,,,,,67.04,NAP,N
5472857,19,547285700019,O,,NN,,,2024-03-22T15:40:57,true,1,,,,,,,BOURG,44160,SAINTE-ANNE-SUR-BRIVET,,,44152,,,,,,,,,,,,,,,,,,,,,,1990-03-27,F,,,,,22.01,NAP,N
5472873,16,547287300016,O,,NN,,,2024-03-29T23:34:26,true,1,,,,,,AVENUE,DE MAZY,44380,PORNICHET,,,44132,,,,,441320850_B,295847.63633998524,6699372.0035872385,,,,,,,,,,,,,,,1984-12-25,F,,,,,62.43,NAP,N
5472980,19,547298000019,O,1954-01-01,NN,,,2024-03-23T15:41:43,true,6,,,,,,,BOURG,44360,CORDEMAIS,,,44045,,,,,,,,,,,,,,,,,,,,,,2008-01-01,A,,,,,68.20B,NAFRev2,N
5473020,13,547302000013,O,,NN,,,2024-03-30T12:54:07,true,1,,10,,,,BOULEVARD,DE COURCELLES,44290,GUEMENE-PENFAO,,,44067,,,,,440670080_B,337288.9759987456,6736748.026184647,,,,,,,,,,,,,,,,F,,,,,55.71,NAP,N
5473152,48,547315200048,O,1998-01-01,NN,,,2024-03-30T08:55:50,true,1,,3,,,,ALLEE,DE LA COLLE LONGUE,6270,VILLENEUVE-LOUBET,,,6161,,,,,06161o02y_B,1032535.3881801125,6290859.846819881,,,,,,,,,,,,,,,2001-10-04,F,,,,,70.2A,NAF1993,N
5473202,17,547320200017,O,1900-01-01,NN,,,2024-03-30T07:06:26,false,4,,2,,,,PLACE,ARISTIDE BRIAND,44220,COUERON,,,44047,,,,,440470090_B,342357.7047415766,6689653.647185144,,,,,,,,,,,,,,,1992-12-25,F,,,,,52.2C,NAF1993,N
5473202,25,547320200025,O,1992-05-01,NN,,,2025-01-29T02:19:35,true,4,,5,,,,RUE,DU DOCTEUR JANVIER,44220,COUERON,,,44047,,,,,440470790_B,342539.9063222302,6689643.395169584,,,,,,,,,,,,,,,2020-12-25,F,,,,,68.20B,NAFRev2,N
5473244,27,547324400027,O,,NN,,,2024-03-30T12:41:03,true,1,,40,B,,,AVENUE,GEORGES CLEMENCEAU,44380,PORNICHET,,,44132,,,,,441320580_B,296601.2572192848,6698990.585844999,,,,,,,,,,,,,,,1997-12-29,F,,,,,70.2C,NAF1993,N
5473285,12,547328500012,O,,NN,,,2024-03-22T15:40:57,true,1,,29,,,,RUE,DU MAINE,44600,SAINT-NAZAIRE,,,44184,,,,,,,,,,,,,,,,,,,,,,1993-09-30,F,,,,,52.4Z,NAF1993,N
5473327,12,547332700012,O,,NN,,,2024-03-30T14:46:48,true,1,,8,,,,QUAI,DE LA PETITE CHAMBRE,44490,LE CROISIC,,,44049,,,,,440492940_B,283868.1461678116,6702751.03291358,,,,,,,,,,,,,,,,F,,,,,57.07,NAP,N
5473418,19,547341800019,O,1954-01-01,NN,,,2024-03-22T15:40:57,true,3,,,,,,LD,VILLE BERTHE,44460,FEGREAC,,,44057,,,,,,,,,,,,,,,,,,,,,,2006-05-09,F,,,,,70.2C,NAFRev1,N
5473442,19,547344200019,O,,NN,,,2024-03-29T23:33:34,true,1,,,,,,ROUTE,DE LA COTE D'AMOUR,44600,SAINT-NAZAIRE,,,44184,,,,,441841325_B,302466.23704354063,6697433.373345453,,,,,,,,,,,,,,,1984-12-25,F,,,,,64.30,NAP,N
5473822,38,547382200038,O,,NN,,,2024-03-22T15:40:57,true,1,,,,,,IMP,STE ELISABETH,44260,SAVENAY,,,44195,,,,,,,,,,,,,,,,,,,,,,,F,,,,,35.01,NAP,N
5473921,12,547392100012,O,,NN,,,2024-03-29T23:09:19,true,1,,88,,,,AVENUE,DE LA REPUBLIQUE,44600,SAINT-NAZAIRE,,,44184,,,,,441845330_B,306355.3030973132,6699826.087317508,,,,,,,,,,,,,,,,F,,,,,64.11,NAP,N
5473939,14,547393900014,O,,NN,,,2024-03-30T05:02:06,true,1,,,,,,RUE,DU TRAICT,44490,LE CROISIC,,,44049,,,,,44049vosx1m_B,284014.06987687974,6702408.670803205,,,,,,,,,,,,,,,1984-12-25,F,,,,,87.06,NAP,N
5473988,11,547398800011,O,,NN,,,2024-03-22T15:40:57,true,1,,,,,,,Q ST PIERRE,44420,LA TURBALLE,,,44211,,,,,,,,,,,,,,,,,,,,,,1984-12-25,F,,,,,67.08,NAP,N
5474200,10,547420000010,O,,NN,,,2024-03-30T06:44:42,true,1,,,,,,AVENUE,DE LA MONNERAYE,44410,HERBIGNAC,,,44072,,,,,44072xsxqxt_B,300000.3179235744,6718904.935016601,,,,,,,,,,,,,,,1988-06-01,F,,,,,69.12,NAP,N
5474440,12,547444000012,O,1954-01-01,NN,,,2025-02-11T02:12:40,true,4,,31,,,,BOULEVARD,DE LA LIBERATION,44360,SAINT-ETIENNE-DE-MONTLUC,,,44158,,,,,441580920_B,338692.1084588623,6697368.7486903835,,,,,,,,,,,,,,,2003-08-31,F,,,,,70.2C,NAFRev1,N
5474481,16,547448100016,O,,NN,,,2024-03-30T16:24:28,true,1,,71,,,,AVENUE,ALBERT DE MUN,44600,SAINT-NAZAIRE,,,44184,,,,,441840060_B,306148.406870245,6699499.450555428,,,,,,,,,,,,,,,,F,,,,,81.21,NAP,N
5474507,18,547450700018,O,,NN,,,2024-03-30T17:33:20,true,1,,,,,,ALL,DES PETRELS,44500,LA BAULE-ESCOUBLAC,,,44055,,,,,440552895_C,,,,,,,,,,,,,,,,,1984-12-25,F,,,,,87.01,NAP,N
5474564,19,547456400019,O,,NN,,,2024-03-30T11:51:37,true,1,,,,,,BOULEVARD,DE LA LIBERATION,44220,COUERON,,,44047,,,,,440471356_B,345203.726258696,6689843.243382644,,,,,,,,,,,,,,,1984-12-25,F,,,,,67.04,NAP,N
5474598,17,547459800017,O,,NN,,,2024-03-30T05:38:34,true,1,,8,,,,AVENUE,DES PINS,44380,PORNICHET,,,44132,,,,,441321170_B,298120.2189491972,6696501.84441494,,,,,,,,,,,,,,,1993-08-31,F,,,,,55.3A,NAF1993,N
5474630,18,547463000018,O,,NN,,,2024-03-30T01:46:17,true,1,,32,,,,AVENUE,DU GENERAL DE GAULLE,44600,SAINT-NAZAIRE,,,44184,,,,,441842457_B,306377.5955527744,6698952.8450734345,,,,,,,,,,,,,,,1994-06-29,F,,,,,70.2C,NAF1993,N
5474747,10,547474700010,O,,NN,,,2024-03-22T15:40:57,true,1,,,,,,LD,LE DRESNY,44630,PLESSE,,,44128,,,,,,,,,,,,,,,,,,,,,,,F,,,,,55.71,NAP,N
5474770,12,547477000012,O,,NN,,,2024-03-29T23:53:02,true,1,,,,,,RUE,DE TRIGNAC,44600,SAINT-NAZAIRE,,,44184,,,,,441845740_B,308184.0995895065,6701343.809914322,,,,,,,,,,,,,,,1984-12-25,F,,,,,67.04,NAP,N
5474945,10,547494500010,O,,NN,,,2024-03-22T15:40:57,true,1,,,,,,RTE,ROUTE DE ST GILDAS,44530,GUENROUET,,,44068,,,,,,,,,,,,,,,,,,,,,,,F,,,,,67.08,NAP,N
5474960,19,547496000019,O,1954-01-01,NN,,,2025-02-16T02:17:52,true,5,,86,,,,RUE,JEAN GUTENBERG,44600,SAINT-NAZAIRE,,,44184,,,,,441843330_B,304797.26355242013,6699841.54578681,,,,,,,,,,,,,,,2022-10-04,F,,,,,68.20B,NAFRev2,N
5475215,17,547521500017,O,,NN,,,2024-03-22T15:40:57,true,1,,,,,,LD,LANCE,44630,PLESSE,,,44128,,,,,,,,,,,,,,,,,,,,,,,F,,,,,67.04,NAP,N
5475314,18,547531400018,O,,NN,,,2024-03-30T08:09:40,true,1,,1,,,,RUE,DE LA GARE,44510,LE POULIGUEN,,,44135,,,,,441350505_B,289786.35121007724,6700765.649276841,,,,,,,,,,,,,,,,F,,,,,67.07,NAP,N
5480066,124,548006600124,O,1994-06-29,NN,,,2024-03-22T15:40:57,true,1,,7,,,,RTE,DE POMPIERRE,44000,NANTES,,,44109,,,,,,,,,,,,,,,,,,,,,,2000-07-01,F,,,,,71.2A,NAF1993,N
5480082,14,548008200014,O,1954-01-01,NN,,,2024-03-30T07:04:46,true,4,,,,,,,DISSIGNAC,44600,SAINT-NAZAIRE,,,44184,,,,,44184B100_C,,,,,,,,,,,,,,,,,1998-12-31,F,,,,,45.1A,NAF1993,O
5480165,17,548016500017,O,,NN,,,2024-03-22T15:40:57,true,1,,,,,,AV,DU GENERAL DE GAULLE,44500,LA BAULE-ESCOUBLAC,,,44055,,,,,,,,,,,,,,,,,,,,,,1984-12-25,F,,,,,67.01,NAP,N
5480231,17,548023100017,O,1900-01-01,NN,,,2024-03-30T01:45:17,true,4,,220,,,,AVENUE,DU MARECHAL DE LATTRE DE TASSIGNY,44500,LA BAULE-ESCOUBLAC,,,44055,,,,,440552290_B,292674.27919095196,6701262.842809714,,,,,,,,,,,,,,,1991-12-25,F,,,,,64.22,NAP,N
5480256,14,548025600014,O,,NN,,,2024-03-22T15:40:57,true,1,,6,,,,RUE,DU POULIGUEN,44740,BATZ-SUR-MER,,,44010,,,,,,,,,,,,,,,,,,,,,,,F,,,,,86.04,NAP,N
5480546,18,548054600018,O,1958-01-01,NN,,,2025-01-26T02:37:16,true,6,,,,,,,LENIPHEN,44350,GUERANDE,,,44069,,,,,440699zagz0_B,289251.0389579184,6701751.095947895,,,,,,,,,,,,,,,2018-04-25,A,,,,,17.12Z,NAFRev2,N
5480546,59,548054600059,O,1992-01-01,NN,,,2025-01-26T02:31:59,false,4,IMMEUBLE LE LUTECIEN,322,,,,BOULEVARD,JEAN-JACQUES BOSC,33130,BEGLES,,,33039,,,,,330391110_B,419222.84176505986,6419159.570600096,,,,,,,,,,,,,,,1998-12-31,F,SODIPA,,,,74.1J,NAF1993,O
5480546,67,548054600067,O,2006-11-30,NN,,,2024-03-30T09:38:07,false,5,ZI,,,,,,MONTCOUPOT,51210,MONTMIRAIL,,,51380,,,,,51380B165_C,,,,,,,,,,,,,,,,,2014-01-22,F,,,,,17.21B,NAFRev2,N
5510037,12,551003700012,O,,NN,,,2024-03-22T15:40:57,true,1,,1,,,,RUE,HOHON,80510,LONG,,,80486,,,,,,,,,,,,,,,,,,,,,,1987-12-31,F,,,,,64.11,NAP,N
5510060,14,551006000014,O,,NN,,,2024-03-30T14:05:07,true,1,,2,,,,ROUTE,DE FEUQUIERES,80210,TOURS-EN-VIMEU,,,80765,,,,,807650242_B,604766.8856219323,6993597.488369277,,,,,,,,,,,,,,,1987-06-23,F,,,,,57.02,NAP,N
5510086,19,551008600019,O,,NN,,,2024-03-22T15:40:57,true,1,,,,,,,,80150,CANCHY,,,80167,,,,,,,,,,,,,,,,,,,,,,1987-05-31,F,,,,,38.40,NAP,N
5510102,14,551010200014,O,,NN,,,2024-03-30T06:05:47,true,1,,142,,,,CHAUSSEE,MARCADE,80100,ABBEVILLE,,,80001,,,,,800011240_B,616030.7177934647,7002260.429735476,,,,,,,,,,,,,,,1989-08-30,F,,,,,82.06,NAP,N
5510326,19,551032600019,O,,NN,,,2024-03-22T15:40:57,true,1,,,,,,,,80135,SAINT-RIQUIER,,,80716,,,,,,,,,,,,,,,,,,,,,,1990-10-05,F,,,,,67.04,NAP,N
5510367,13,551036700013,O,,NN,,,2024-03-22T15:40:57,true,1,,,,,,HAM,DE BELLEFONTAINE,80490,BAILLEUL,,,80051,,,,,,,,,,,,,,,,,,,,,,1996-08-10,F,,,,,67.05,NAP,N
5510490,13,551049000013,O,,NN,,,2024-03-22T15:40:57,true,1,,,,,,,,80120,QUEND,,,80649,,,,,,,,,,,,,,,,,,,,,,1987-12-31,F,,,,,64.24,NAP,N
5510508,20,551050800020,O,,NN,,,2024-03-30T17:03:08,true,1,,,,,,RUE,DU 11 NOVEMBRE,80220,GAMACHES,,,80373,,,,,803730680_B,597190.1518626937,6988786.600195771,,,,,,,,,,,,,,,,F,,,,,62.11,NAP,N
5510532,53,551053200053,O,,NN,,,2024-03-30T04:18:36,true,1,,691,,,,RUE,D'ABBEVILLE,80000,AMIENS,,,80021,,,,,800210050_B,645534.0847297948,6979515.116872412,,,,,,,,,,,,,,,1988-09-22,F,,,,,64.47,NAP,N
5510623,27,551062300027,O,,NN,,,2024-03-30T09:48:14,true,1,,7,,,,RUE,SAINT-ANTOINE,80510,LONG,,,80486,,,,,804860580_B,626844.6216523974,6993934.39069097,,,,,,,,,,,,,,,1993-06-30,F,,,,,55.2C,NAF1993,N
5510631,12,551063100012,O,,NN,,,2024-03-30T02:18:13,true,1,,13,,,,RUE,ROGER SALENGRO,80210,FEUQUIERES-EN-VIMEU,,,80308,,,,,803080820_B,600503.144849157,6996732.341278846,,,,,,,,,,,,,,,1994-03-31,F,,,,,52.1B,NAF1993,N
5510722,19,551072200019,O,,NN,,,2024-03-22T15:40:57,true,1,,,,,,,,80135,ONEUX,,,80609,,,,,,,,,,,,,,,,,,,,,,1984-12-25,F,,,,,64.49,NAP,N
5510854,10,551085400010,O,,NN,,,2024-03-30T05:16:16,true,1,,,,,,RUE,JEAN DE PONTHIEU,80100,ABBEVILLE,,,80001,,,,,800011038_B,616416.1350855937,7001524.525839918,,,,,,,,,,,,,,,1984-12-25,F,,,,,81.21,NAP,N
5511027,12,551102700012,O,,NN,,,2024-03-30T12:40:16,true,1,,15,,,,RUE,DU MARAIS,80120,RUE,,,80688,,,,,806880740_B,605482.122697012,7019881.608067355,,,,,,,,,,,,,,,1985-12-25,F,,,,,56.02,NAP,N
5511050,14,551105000014,O,,NN,,,2024-04-25T09:36:31,true,1,,8,,,,RTE,DE BERCK,80120,FORT-MAHON-PLAGE,,,80333,,,,,,,,,,,,,,,,,,,,,,1984-03-20,F,,,,,67.08,NAP,N
5511100,17,551110000017,O,,NN,,,2024-03-30T06:19:57,true,1,,,,,,CHAUSSEE,MARCADE,80100,ABBEVILLE,,,80001,,,,,800011240_B,616143.6933307206,7002084.806655714,,,,,,,,,,,,,,,1984-12-25,F,,,,,78.02,NAP,N
5511142,19,551114200019,O,,NN,,,2024-03-30T08:22:30,true,1,,53,,,,RUE,PIERRE CURIE,80210,FEUQUIERES-EN-VIMEU,,,80308,,,,,803080780_B,599496.9649880133,6996495.8893434135,,,,,,,,,,,,,,,1992-06-30,F,,,,,55.4B,NAF1993,N
5511167,16,551116700016,O,,NN,,,2024-03-22T15:40:57,true,1,,,,,,,,80150,DOMPIERRE-SUR-AUTHIE,,,80248,,,,,,,,,,,,,,,,,,,,,,1990-06-30,F,,,,,67.04,NAP,N
5511183,21,551118300021,O,,NN,,,2024-03-30T04:26:56,true,1,,41,,,,RUE,DU LIEUTENANT CARON,80100,ABBEVILLE,,,80001,,,,,800011150_B,617225.7269899407,7002116.189227979,,,,,,,,,,,,,,,1997-03-17,F,,,,,60.2E,NAF1993,N
5511225,12,551122500012,O,,NN,,,2024-03-30T11:18:42,true,1,,,,,,RUE,DE L'EGLISE,80132,CAMBRON,,,80163,,,,,801630065_B,611927.2232387926,7002114.398112074,,,,,,,,,,,,,,,1984-12-25,F,,,,,62.11,NAP,N
5511357,13,551135700013,O,,NN,,,2024-03-30T03:27:00,true,1,,27,,,,RUE,DU MARECHAL FOCH,80100,ABBEVILLE,,,80001,,,,,800011260_B,616582.8092783468,7001350.681157045,,,,,,,,,,,,,,,,F,,,,,87.03,NAP,N
5511415,19,551141500019,O,,NN,,,2024-03-30T12:21:05,true,1,,11,,,,RUE,DE LA REPUBLIQUE,80510,LONGPRE-LES-CORPS-SAINTS,,,80488,,,,,804880720_B,627686.1688430725,6990760.25265826,,,,,,,,,,,,,,,1990-02-14,F,,,,,67.07,NAP,N
5511449,18,551144900018,O,,NN,,,2024-03-29T22:49:24,true,1,,,,,,RUE,JACQUES MALLET,80132,HAUTVILLERS-OUVILLE,,,80422,,,,,804220014_B,615424.4385066037,7008771.336511112,,,,,,,,,,,,,,,1991-01-31,F,,,,,60.2L,NAF1993,N
5511456,13,551145600013,O,1955-01-01,NN,,,2025-02-05T02:22:44,true,5,,62,,,,RUE,GRANDE,80220,GAMACHES,,,80373,,,,,,,,,,,,,,,,,,,,,,2011-12-25,F,,,,,68.20B,NAFRev2,N
5511464,17,551146400017,O,,NN,,,2024-03-30T01:10:54,true,1,,259,,,,ROUTE,DE ROUEN,80100,ABBEVILLE,,,80001,,,,,800011870_B,615936.967299005,7000072.375299121,,,,,,,,,,,,,,,1989-12-30,F,,,,,67.05,NAP,N
5511472,10,551147200010,O,,NN,,,2024-03-30T06:57:31,true,1,,24,,,,RUE,SAINT VULFRAN,80100,ABBEVILLE,,,80001,,,,,800012000_B,616251.30952334,7001353.465643445,,,,,,,,,,,,,,,1990-08-31,F,,,,,64.11,NAP,N
5511530,15,551153000015,O,,NN,,,2024-03-30T04:06:14,true,1,,8,,,,RUE,GASTON GARRY,80120,RUE,,,80688,,,,,806880540_B,605464.265920752,7020217.297373463,,,,,,,,,,,,,,,1988-10-25,F,,,,,64.24,NAP,N
5511688,11,551168800011,O,,NN,,,2024-03-22T15:40:57,true,1,,33,,,,RUE,VASSEUR,80120,QUEND,,,80649,,,,,,,,,,,,,,,,,,,,,,1984-12-25,F,,,,,81.21,NAP,N
5511738,14,551173800014,O,,NN,,,2024-03-30T02:24:18,true,1,,,,,,RUE,NOTRE-DAME,80135,SAINT-RIQUIER,,,80716,,,,,807160480_B,624833.2559071853,7003923.869019159,,,,,,,,,,,,,,,,F,,,,,62.44,NAP,N
5511845,17,551184500017,O,,NN,,,2024-03-30T13:45:13,true,1,,10,,,,RUE,GENERAL LECLERC,80550,LE CROTOY,,,80228,,,,,802280470_B,601796.8714360858,7013831.251357826,,,,,,,,,,,,,,,1984-12-25,F,,,,,81.21,NAP,N
5511944,18,551194400018,O,,NN,,,2024-03-22T15:40:57,true,1,,,,,,,,80570,DARGNIES,,,80235,,,,,,,,,,,,,,,,,,,,,,1984-12-25,F,,,,,21.11,NAP,N
5512025,15,551202500015,O,,NN,,,2024-03-30T12:28:08,true,1,,,,,,RUE,DU MARECHAL FOCH,80100,ABBEVILLE,,,80001,,,,,800011260_B,616606.1854062174,7001323.387224079,,,,,,,,,,,,,,,1985-12-25,F,,,,,81.21,NAP,N
5512066,19,551206600019,O,,NN,,,2024-03-30T14:04:45,true,1,,3,,,,RUE,FERDINAND BUISSON,80210,FEUQUIERES-EN-VIMEU,,,80308,,,,,803080440_B,600218.2673441804,6996663.749107618,,,,,,,,,,,,,,,1988-06-15,F,,,,,81.21,NAP,N
5512231,19,551223100019,O,,NN,,,2024-03-22T15:40:57,true,1,,,,,,,,80150,LE BOISLE,,,80109,,,,,,,,,,,,,,,,,,,,,,1994-08-29,F,,,,,55.40,NAP,N
5512363,10,551236300010,O,,NN,,,2024-03-22T15:40:57,true,1,,,,,,,,80132,LE TITRE,,,80763,,,,,,,,,,,,,,,,,,,,,,1991-12-20,F,,,,,62.44,NAP,N
5512447,11,551244700011,O,,NN,,,2024-03-29T23:33:17,true,1,,,,,,RUE,ROGER SALENGRO,80210,FEUQUIERES-EN-VIMEU,,,80308,,,,,803080820_B,600571.8346340127,6996761.6462652795,,,,,,,,,,,,,,,1988-09-30,F,,,,,81.21,NAP,N
5512645,10,551264500010,O,,NN,,,2024-03-30T03:09:48,true,1,,,,,,RUE,DE L'EGLISE,80140,HUPPY,,,80446,,,,,804460040_B,611348.630292076,6992552.037289703,,,,,,,,,,,,,,,,F,,,,,22.02,NAP,N
5512678,11,551267800011,O,,NN,,,2024-03-22T15:40:57,true,1,,,,,,PL,DU MONUMENT,80550,LE CROTOY,,,80228,,,,,,,,,,,,,,,,,,,,,,,F,,,,,81.21,NAP,N
5512686,14,551268600014,O,,NN,,,2024-03-30T13:10:01,true,1,,8,,,,RUE,PORTE DU PONT,80550,LE CROTOY,,,80228,,,,,802280880_B,601895.7698629393,7013863.167791348,,,,,,,,,,,,,,,1994-03-31,F,,,,,55.3A,NAF1993,N
5512710,12,551271000012,O,,NN,,,2024-04-25T09:32:51,true,1,,9,,,,RTE,D ABBEVILLE,80135,SAINT-RIQUIER,,,80716,,,,,,,,,,,,,,,,,,,,,,,F,,,,,62.43,NAP,N
5512728,14,551272800014,O,,NN,,,2024-04-25T09:37:49,true,1,,,,,,RUE,DE MALADRERIE,80150,YVRENCHEUX,,,80833,,,,,,,,,,,,,,,,,,,,,,1984-12-25,F,,,,,67.05,NAP,N
5515309,10,551530900010,O,,NN,,,2024-03-30T06:46:02,true,1,,,,,,RUE,D’ABBEVILLE,80120,QUEND,,,80649,,,,,806490020_B,596480.5047313538,7026120.498373412,,,,,,,,,,,,,,,1992-01-20,F,,,,,92.7C,NAF1993,N
5520028,19,552002800019,O,1955-01-01,NN,,,2024-03-30T12:38:43,true,5,,,,,,RUE,AMBROISE CROIZAT,80570,DARGNIES,,,80235,,,,,802350040_B,594146.3716155933,6994545.098831855,,,,,,,,,,,,,,,2008-01-01,A,,,,,68.20B,NAFRev2,N
5520036,12,552003600012,O,,NN,,,2024-03-30T15:22:40,true,1,,220,,,,RUE,DE MENCHECOURT,80100,ABBEVILLE,,,80001,,,,,800011310_B,614831.8069278317,7003316.03890984,,,,,,,,,,,,,,,1989-03-30,F,,,,,15.11,NAP,N
5520077,16,552007700016,O,1955-01-01,NN,,,2025-02-04T02:42:23,true,5,,13,,,,RUE,GAMBETTA,80210,FEUQUIERES-EN-VIMEU,,,80308,,,,,803080500_B,599331.2208454366,6996488.1448541805,,,,,,,,,,,,,,,2014-12-19,A,,,,,25.72Z,NAFRev2,N
5520135,12,552013500012,O,1955-01-01,NN,,,2025-02-10T02:19:50,false,5,,253,,,,RUE,DE MENCHECOURT,80100,ABBEVILLE,,,80001,,,,,,,,,,,,,,,,,,,,,,2007-11-19,F,,,,,74.1J,NAFRev1,O
5520135,20,552013500020,O,1998-09-30,NN,,,2024-03-22T15:40:57,false,3,,32,,,,PL,DE LA GARE - LILLE,59000,LILLE,,,59350,,,,,,,,,,,,,,,,,,,,,,2007-04-20,F,,,,,74.1J,NAFRev1,N
5520135,38,552013500038,O,2007-04-20,NN,,,2024-03-22T15:40:57,true,2,,70,,,,RUE,DE LAUSANNE,1220,DIVONNE-LES-BAINS,,,1143,,,,,,,,,,,,,,,,,,,,,,2007-11-19,F,,,,,17.1P,NAFRev1,N
5520176,16,552017600016,O,1955-01-01,12,2023,,2025-02-18T02:18:41,true,4,,50,,,,RUE,PASTEUR,80210,FEUQUIERES-EN-VIMEU,,,80308,,,,,803080700_B,599876.1250704136,6995939.949189544,,,,,,,,,,,,,,,2008-01-01,A,,,,,17.21A,NAFRev2,O
5520176,32,552017600032,O,1999-08-30,12,2023,,2024-03-22T15:40:57,false,4,,,,,,,ZONE DES HAYETTES,80210,CHEPY,,,80190,,,,,,,,,,,,,,,,,,,,,,2008-01-01,A,,,,,17.21A,NAFRev2,O
5520200,14,552020000014,O,,NN,,,2024-03-22T15:40:57,true,1,,4,,,,RUE,PIERRE CURIE,80220,GAMACHES,,,80373,,,,,,,,,,,,,,,,,,,,,,,F,,,,,81.21,NAP,N
5520234,21,552023400021,O,,NN,,,2024-03-22T15:40:57,true,1,,,,,,,ZONE INDUSTRIELLE,80210,FEUQUIERES-EN-VIMEU,,,80308,,,,,,,,,,,,,,,,,,,,,,1988-06-23,F,,,,,59.10,NAP,N
5520242,16,552024200016,O,1900-01-01,0,2023,,2025-02-04T02:31:21,false,5,,3,,,,RUE,DU 43 RIC,80510,LONGPRE-LES-CORPS-SAINTS,,,80488,,,,,804880710_B,628325.4785957776,6990958.224527271,,,,,,,,,,,,,,,2023-03-01,F,,,,,20.30Z,NAFRev2,O
5520242,32,552024200032,O,1900-01-01,NN,,,2024-03-30T12:29:26,false,4,,55,,,,BOULEVARD,DE SEBASTOPOL,75001,PARIS,,,75101,,,,,751018894_B,652322.9353410682,6862677.744800113,,,,,,,,,,,,,,,1994-12-25,F,,,,,74.1J,NAF1993,O
5520242,40,552024200040,O,1993-03-01,NN,,,2025-02-04T02:38:22,false,4,,88,,,,RUE,ROBESPIERRE,93100,MONTREUIL,,,93048,,,,,930488225_B,657853.5342181568,6861226.100857308,,,,,,,,,,,,,,,2001-01-19,F,,,,,74.1J,NAF1993,O
5520242,57,552024200057,O,2001-01-15,NN,,,2024-03-30T12:29:27,false,3,,14,,,,RUE,LESAULT,93500,PANTIN,,,93055,,,,,930555155_B,656639.7672459759,6865718.062853288,,,,,,,,,,,,,,,2004-10-12,F,,,,,24.3Z,NAFRev1,N
5520242,65,552024200065,O,2001-01-19,NN,,,2024-03-30T12:29:26,false,4,,14,,,,RUE,LESAULT,93500,PANTIN,,,93055,,,,,930555155_B,656639.7672459759,6865718.062853288,,,,,,,,,,,,,,,2008-01-01,F,,,,,20.30Z,NAFRev2,O
5520242,73,552024200073,O,2004-10-01,NN,,,2024-03-30T12:29:26,false,4,,1,,,,RUE,ALBERT EINSTEIN,78190,TRAPPES,,,78621,,,,,786210018_B,626548.4558667345,6852408.590996876,,,,,,,,,,,,,,,2008-01-01,F,,,,,20.30Z,NAFRev2,O
5520242,81,552024200081,O,2023-03-01,12,2023,,2025-02-04T02:48:59,true,1,,4,,,,RUE,DU 43 RIC,80510,LONGPRE-LES-CORPS-SAINTS,,,80488,,,,,804880710_B,628509.6135741135,6990840.768488835,,,,,,,,,,,,,,,2023-03-01,A,,,,,20.30Z,NAFRev2,N
5520259,10,552025900010,O,,NN,,,2024-03-22T15:40:57,true,1,,,,,,CHS,DU BOIS,80100,ABBEVILLE,,,80001,,,,,,,,,,,,,,,,,,,,,,1984-12-25,F,,,,,62.43,NAP,N
5520309,13,552030900013,O,,NN,,,2024-03-22T15:40:57,true,1,,,,,,RUE,MARECHAL FOCH,80100,ABBEVILLE,,,80001,,,,,,,,,,,,,,,,,,,,,,1984-12-25,F,,,,,64.13,NAP,N
5520325,19,552032500019,O,1955-01-01,12,2023,,2025-02-09T02:31:27,false,5,,12,,,,RUE,HENRI BARBUSSE,80570,DARGNIES,,,80235,,,,,802350320_B,594610.9193809408,6994643.0011131475,,,,,,,,,,,,,,,2013-12-31,A,,,,,46.74B,NAFRev2,O
5520325,27,552032500027,O,2018-12-20,NN,,,2025-02-10T02:18:26,true,1,,36,,,,AVENUE,JUNOT,75018,PARIS,,,75118,,,,,751185122_B,651350.2009769329,6865661.789747959,,,,,,,,,,,,,,,2018-12-20,A,,,,,70.10Z,NAFRev2,N
5520408,47,552040800047,O,2000-12-14,NN,,,2024-03-22T15:40:57,false,4,,52,,,,RUE,DE LA BIENFAISANCE,75008,PARIS 8,,,75108,,,,,,,,,,,,,,,,,,,,,,2003-07-01,F,,,,,65.2E,NAFRev1,N
5520408,54,552040800054,O,2003-07-01,NN,,,2024-03-22T15:40:57,true,3,,17,,,,RUE,DE LA BAUME,75008,PARIS 8,,,75108,,,,,,,,,,,,,,,,,,,,,,2004-08-01,F,,,,,65.2E,NAFRev1,N
5520416,16,552041600016,O,1900-01-01,NN,,,2024-03-30T12:07:38,true,4,,60,,,,QUAI,DE LA POINTE,80100,ABBEVILLE,,,80001,,,,,800011600_B,615858.0016162635,7002073.460855286,,,,,,,,,,,,,,,1995-12-25,F,,,,,37.1Z,NAF1993,O
5520424,10,552042400010,O,,NN,,,2024-03-22T15:40:57,true,1,,,,,,RUE,JOSSE VAN ROBAIS,80100,ABBEVILLE,,,80001,,,,,,,,,,,,,,,,,,,,,,1984-12-25,F,,,,,55.60,NAP,N
5520432,13,552043200013,O,,NN,,,2024-04-25T09:31:23,true,1,,58,,,,RUE,GRANDE,80220,GAMACHES,,,80373,,,,,,,,,,,,,,,,,,,,,,,F,,,,,64.22,NAP,N
5520440,16,552044000016,O,1955-01-01,NN,,,2024-03-29T22:36:21,true,4,,2,,,,RUE,SAINT GILLES,80100,ABBEVILLE,,,80001,,,,,800011900_B,616733.5101101252,7001205.25109787,,,,,,,,,,,,,,,2003-04-01,F,,,,,18.2D,NAFRev1,O
5520465,39,552046500039,O,,NN,,,2024-03-22T15:40:57,true,1,,,,,,RUE,DE L HOMMELET,59100,ROUBAIX,,,59512,,,,,,,,,,,,,,,,,,,,,,1985-12-25,F,,,,,59.02,NAP,N
5520507,12,552050700012,O,,NN,,,2024-03-22T15:40:57,true,1,,,,,,,MOU SAINT JEAN,80120,RUE,,,80688,,,,,,,,,,,,,,,,,,,,,,1984-12-25,F,,,,,57.09,NAP,N
5540034,13,554003400013,O,,NN,,,2024-03-30T15:23:45,true,1,,,,,,PLACE,DU GENERAL DE GAULLE,4000,DIGNE-LES-BAINS,,,4070,,,,,040700745_B,959077.6733504224,6337973.730040853,,,,,,,,,,,,,,,1984-12-25,F,,,,,81.21,NAP,N
5540083,10,554008300010,O,,NN,,,2024-03-22T15:40:57,true,1,,,,,,RUE,4 COINS,4500,RIEZ,,,4166,,,,,,,,,,,,,,,,,,,,,,1984-12-25,F,,,,,64.11,NAP,N
5540091,13,554009100013,O,,NN,,,2024-03-30T02:01:10,true,1,,,,,,AVENUE,DE LA LIBERATION,4200,SISTERON,,,4209,,,,,042090820_B,935365.6351869196,6347998.534582158,,,,,,,,,,,,,,,1984-12-25,F,,,,,47.02,NAP,N
5540125,19,554012500019,O,,NN,,,2024-03-30T04:09:58,true,1,,,,,,PLACE,JEAN JAURES,4160,CHATEAU-ARNOUX-SAINT-AUBAN,,,4049,,,,,040490450_B,940908.441424451,6337240.681847153,,,,,,,,,,,,,,,1984-12-25,F,,,,,00.97,NAP,N
5540273,25,554027300025,O,1900-01-01,NN,,,2024-03-22T15:40:57,true,3,,7,,,,PL,BERAUD,4330,BARREME,,,4022,,,,,,,,,,,,,,,,,,,,,,2008-01-01,A,,,,,68.20B,NAFRev2,N
5540307,13,554030700013,O,1955-01-01,NN,,,2024-03-22T15:40:57,true,1,,,,,,HAM,LE SAUZE,4400,ENCHASTRAYES,,,4073,,,,,,,,,,,,,,,,,,,,,,1998-06-30,F,,,,,70.2C,NAF1993,N
5540315,16,554031500016,O,,NN,,,2024-03-30T07:11:46,true,1,,44,,,,BOULEVARD,GASSENDI,4000,DIGNE-LES-BAINS,,,4070,,,,,040700710_B,958953.8966003337,6337912.054654361,,,,,,,,,,,,,,,1991-08-17,F,,,,,64.44,NAP,N
5540349,15,554034900015,O,,NN,,,2024-03-22T15:40:57,true,1,,,,,,RUE,DES COURTILS,4360,MOUSTIERS-SAINTE-MARIE,,,4135,,,,,,,,,,,,,,,,,,,,,,1984-12-25,F,,,,,00.97,NAP,N
5540372,17,554037200017,O,,NN,,,2024-03-29T23:46:29,true,1,,2,,,,PLACE,DE L’HORLOGE,4200,SISTERON,,,4209,,,,,042090720_B,935313.0116315114,6348594.262986527,,,,,,,,,,,,,,,1991-12-31,F,,,,,64.30,NAP,N
5540380,10,554038000010,O,1974-04-11,NN,,,2025-01-14T02:30:51,true,5,,49,,,,BD,GASSENDI,4000,DIGNE-LES-BAINS,,,4070,,,,,,,,,,,,,,,,,,,,,,2010-11-16,F,,,,,47.73Z,NAFRev2,O
5540422,10,554042200010,O,,NN,,,2024-03-30T18:48:31,true,1,,9,,,,ALLEE,ROMAIN SELSIS,4700,ORAISON,,,4143,,,,,041430465_B,934319.0769953409,6317341.267861213,,,,,,,,,,,,,,,1990-07-01,F,,,,,59.08,NAP,N
5540448,15,554044800015,O,,NN,,,2024-03-22T15:40:57,true,1,,,,,,,,4350,MALIJAI,,,4108,,,,,,,,,,,,,,,,,,,,,,1984-12-25,F,,,,,00.98,NAP,N
5540455,10,554045500010,O,,NN,,,2024-03-30T15:42:27,true,1,,,,,,,LE VILLAGE,4350,MALIJAI,,,4108,,,,,04108B061_C,,,,,,,,,,,,,,,,,1991-12-31,F,,,,,39.01,NAP,N
5540497,12,554049700012,O,1989-08-25,NN,,,2024-03-30T08:35:07,true,3,,47,,,,RUE,MANUEL,4400,BARCELONNETTE,,,4019,,,,,040190340_B,990738.8603678576,6372041.6192352595,,,,,,,,,,,,,,,1991-12-25,F,,,,,38.50,NAP,N
5540539,29,554053900029,O,,NN,,,2024-03-30T03:59:06,true,1,,,,,,PLACE,FREDERIC MISTRAL,4210,VALENSOLE,,,4230,,,,,042300150_B,940144.7638812077,6308770.73971309,,,,,,,,,,,,,,,1984-12-25,F,,,,,81.21,NAP,N
5540547,14,554054700014,O,,NN,,,2024-03-22T15:40:57,true,1,,,,,,,,4120,CASTELLANE,,,4039,,,,,,,,,,,,,,,,,,,,,,1989-01-07,F,,,,,55.4B,NAF1993,N
5540554,10,554055400010,O,,NN,,,2024-03-30T09:36:58,true,1,,,,,,RUE,DE LA GRANDE FONTAINE,4210,VALENSOLE,,,4230,,,,,042300170_B,940054.7799353637,6308787.574491414,,,,,,,,,,,,,,,1984-12-25,F,,,,,00.10,NAP,N
5540612,16,554061200016,O,,NN,,,2024-03-22T15:40:57,true,1,,,,,,,LE CYRNOS,4200,SISTERON,,,4209,,,,,,,,,,,,,,,,,,,,,,1984-12-25,F,,,,,00.97,NAP,N
5540646,14,554064600014,O,,NN,,,2024-03-22T15:40:57,true,1,,,,,,PL,MARIUS SAUVAIRE,4120,CASTELLANE,,,4039,,,,,,,,,,,,,,,,,,,,,,1984-12-25,F,,,,,00.97,NAP,N
5540661,21,554066100021,O,1900-01-01,NN,,,2024-03-30T03:22:48,true,3,,34,,,,BOULEVARD,GASSENDI,4000,DIGNE-LES-BAINS,,,4070,,,,,040700710_B,958884.5973851447,6337864.512254101,,,,,,,,,,,,,,,2008-01-01,A,,,,,68.20B,NAFRev2,N
5540828,18,554082800018,O,,NN,,,2024-04-25T09:35:51,true,1,,6,,,,PL,DE LA MAIRIE,4200,SISTERON,,,4209,,,,,,,,,,,,,,,,,,,,,,1984-12-25,F,,,,,00.97,NAP,N
5540836,11,554083600011,O,,NN,,,2024-03-22T15:40:57,true,1,,,,,,,GRAND RUE,4210,VALENSOLE,,,4230,,,,,,,,,,,,,,,,,,,,,,1984-12-25,F,,,,,00.97,NAP,N
5540844,15,554084400015,O,,NN,,,2024-03-22T15:40:57,true,1,,,,,,,,4500,QUINSON,,,4158,,,,,,,,,,,,,,,,,,,,,,1984-12-25,F,,,,,00.97,NAP,N
5540869,12,554086900012,O,,NN,,,2024-03-30T10:28:18,true,1,,7,,,,RUE,SAUNERIE,4200,SISTERON,,,4209,,,,,042091560_B,935311.2284781397,6348676.356721609,,,,,,,,,,,,,,,,F,,,,,38.50,NAP,N
5540885,18,554088500018,O,,NN,,,2024-03-30T18:16:59,true,1,,,,,,PLACE,CLEMENT PLANE,4700,ORAISON,,,4143,,,,,041430125_B,934359.9197481651,6317408.382134192,,,,,,,,,,,,,,,1984-12-25,F,,,,,00.97,NAP,N
5540901,13,554090100013,O,,NN,,,2024-03-22T15:40:57,true,1,,,,,,,,4360,MOUSTIERS-SAINTE-MARIE,,,4135,,,,,,,,,,,,,,,,,,,,,,1984-12-25,F,,,,,00.97,NAP,N
5540968,12,554096800012,O,,NN,,,2024-03-30T17:36:23,true,1,,7,,,,RUE,CAPITOUL,4000,DIGNE-LES-BAINS,,,4070,,,,,040700280_B,959118.4598638704,6337925.0292196,,,,,,,,,,,,,,,1991-04-19,F,,,,,81.21,NAP,N
5540976,15,554097600015,O,,NN,,,2024-03-30T04:51:07,true,1,,,,,,BOULEVARD,GASSENDI,4000,DIGNE-LES-BAINS,,,4070,,,,,040700710_B,959158.658725575,6338041.102798583,,,,,,,,,,,,,,,1985-12-25,F,,,,,62.43,NAP,N
5541016,19,554101600019,O,,NN,,,2024-03-30T10:26:45,true,1,,,,,,,LES FERREOLS,4000,DIGNE-LES-BAINS,,,4070,,,,,04070B058_C,,,,,,,,,,,,,,,,,,F,,,,,81.21,NAP,N
5541032,16,554103200016,O,,NN,,,2024-03-22T15:40:57,true,1,,,,,,,,4140,AUZET,,,4017,,,,,,,,,,,,,,,,,,,,,,1984-12-25,F,,,,,00.97,NAP,N
5541040,19,554104000019,O,,NN,,,2024-03-22T15:40:57,true,1,,,,,,,,4530,LA CONDAMINE-CHATELARD,,,4062,,,,,,,,,,,,,,,,,,,,,,1984-12-25,F,,,,,,,N
5541065,16,554106500016,O,,NN,,,2024-03-22T15:40:57,true,1,,,,,,,,4140,SEYNE,,,4205,,,,,,,,,,,,,,,,,,,,,,1984-12-25,F,,,,,00.97,NAP,N
5541073,10,554107300010,O,,NN,,,2024-03-30T05:09:46,true,1,,,,,,ROUTE,NATIONALE NO96,4600,CHATEAU-ARNOUX-SAINT-AUBAN,,,4049,,,,,040490528_B,939458.5443030191,6334995.74221664,,,,,,,,,,,,,,,,F,,,,,67.08,NAP,N
5541123,13,554112300013,O,,NN,,,2024-03-22T15:40:57,true,1,,,,,,,,4170,THORAME-HAUTE,,,4219,,,,,,,,,,,,,,,,,,,,,,1994-07-29,F,,,,,55.1A,NAF1993,N
5541206,16,554120600016,O,1900-01-01,NN,,,2024-03-30T06:38:14,false,3,,,,,,RUE,DU MILIEU,4320,ENTREVAUX,,,4076,,,,,0407652crux_B,1005848.7204089072,6324186.488390744,,,,,,,,,,,,,,,1992-11-30,F,,,,,52.1B,NAF1993,N
5541206,24,554120600024,O,1998-04-02,NN,,,2024-03-30T07:10:52,true,3,,,,,,QUA,LE RAGOT,4320,ENTREVAUX,,,4076,,,,,04076A006_C,,,,,,,,,,,,,,,,,2008-01-01,A,,,,,68.20B,NAFRev2,N
5541248,18,554124800018,O,,NN,,,2024-03-22T15:40:57,true,1,,,,,,,,4250,LE CAIRE,,,4037,,,,,,,,,,,,,,,,,,,,,,1987-09-01,F,,,,,67.01,NAP,N
5541255,13,554125500013,O,,NN,,,2024-03-22T15:40:57,true,1,,,,,,,LE VERLAINE,4800,GREOUX-LES-BAINS,,,4094,,,,,,,,,,,,,,,,,,,,,,,F,,,,,54.07,NAP,N
5541263,17,554126300017,O,,NN,,,2024-03-22T15:40:57,true,1,,,,,,,,4370,BEAUVEZER,,,4025,,,,,,,,,,,,,,,,,,,,,,,F,,,,,62.11,NAP,N
5541305,16,554130500016,O,,NN,,,2024-03-30T07:02:45,true,1,,,,,,,GAUDEISSARD,4340,MEOLANS REVEL,,,4161,,,,,04161B067_C,,,,,,,,,,,,,,,,,,F,,,,,48.01,NAP,N
5541347,18,554134700018,O,1900-01-01,NN,,,2025-01-27T03:17:51,true,4,,,,,,,,4500,MONTAGNAC-MONTPEZAT,,,4124,,,,,,,,,,,,,,,,,,,,,,1995-12-25,F,,,,,51.1T,NAF1993,N
5541347,26,554134700026,O,1982-09-23,NN,,,2025-01-27T03:15:52,false,3,,,,,,,,4500,RIEZ,,,4166,,,,,,,,,,,,,,,,,,,,,,1994-05-04,F,,,,,01.2J,NAF1993,N
5541362,17,554136200017,O,,NN,,,2024-03-22T15:40:57,true,1,,,,,,,,4700,ORAISON,,,4143,,,,,,,,,,,,,,,,,,,,,,1984-12-25,F,,,,,55.60,NAP,N
5541412,10,554141200010,O,,NN,,,2024-03-22T15:40:57,true,1,,2,,,,,C ARCS,4000,DIGNE-LES-BAINS,,,4070,,,,,,,,,,,,,,,,,,,,,,1984-12-25,F,,,,,67.08,NAP,N
5541438,23,554143800023,O,1990-09-01,NN,,,2024-03-30T07:50:30,true,5,,,,,,RUE,VALLON DE FARINE,4000,DIGNE-LES-BAINS,,,4070,,,,,040701670_B,958748.7237982799,6339350.1283586025,,,,,,,,,,,,,,,2008-01-01,F,,,,,68.20B,NAFRev2,N
5541495,15,554149500015,O,,NN,,,2024-03-22T15:40:57,true,1,,,,,,,,4240,ANNOT,,,4008,,,,,,,,,,,,,,,,,,,,,,1987-05-02,F,,,,,63.05,NAP,N
5541529,11,554152900011,O,,NN,,,2024-03-22T15:40:57,true,1,,,,,,,,4170,SAINT-ANDRE-LES-ALPES,,,4173,,,,,,,,,,,,,,,,,,,,,,1984-12-25,F,,,,,65.06,NAP,N
5541545,17,554154500017,O,,NN,,,2024-03-22T15:40:57,true,1,,,,,,,,4360,MOUSTIERS-SAINTE-MARIE,,,4135,,,,,,,,,,,,,,,,,,,,,,1993-08-05,F,,,,,52.1B,NAF1993,N
5541552,13,554155200013,O,1974-01-01,1,2023,,2024-03-22T15:40:57,true,4,,,,,,,HOTEL DU VERDON,4370,BEAUVEZER,,,4025,,,,,,,,,,,,,,,,,,,,,,2008-01-01,A,,,,,55.10Z,NAFRev2,O
5541552,21,554155200021,O,1996-11-30,NN,,,2024-03-22T15:40:57,false,4,FROND FREDDE,,,,,,L'AULAPIE,4260,ALLOS,,,4006,,,,,,,,,,,,,,,,,,,,,,2007-09-30,F,,,,,55.3B,NAFRev1,N
5541552,39,554155200039,O,2007-09-30,2,2023,,2024-03-22T15:40:57,false,6,,,,,,,PISTE DE L'AIGUILLE,4260,ALLOS,,,4006,,,,,,,,,,,,,,,,,,,,,,2023-12-16,A,LE SYMPA SNACK,,,,56.10C,NAFRev2,O
5541560,16,554156000016,O,,NN,,,2024-03-30T12:44:02,true,1,,37,,,,RUE,MANUEL,4400,BARCELONNETTE,,,4019,,,,,040190340_B,990768.290805984,6372051.877755837,,,,,,,,,,,,,,,1984-12-25,F,,,,,00.97,NAP,N
5541610,35,554161000035,O,,NN,,,2024-03-30T10:59:48,true,1,,,,,,RUE,DES CORDELIERS,4200,SISTERON,,,4209,,,,,042090320_B,935314.2654991737,6348271.227299339,,,,,,,,,,,,,,,1985-12-25,F,,,,,79.06,NAP,N
5541669,15,554166900015,O,,NN,,,2024-03-30T03:34:54,true,1,,,,,,,SAINT CHRISTOPHE,4000,DIGNE-LES-BAINS,,,4070,,,,,04070B137_C,,,,,,,,,,,,,,,,,1984-12-25,F,,,,,81.21,NAP,N
5541677,18,554167700018,O,,NN,,,2024-03-30T16:43:09,true,1,,20,,,,RUE,MANUEL,4400,BARCELONNETTE,,,4019,,,,,040190340_B,990826.8560439919,6372080.499793209,,,,,,,,,,,,,,,1984-12-25,F,,,,,64.46,NAP,N
5541685,11,554168500011,O,,NN,,,2024-03-30T13:11:50,true,1,,15,,,,RUE,DE L'ANCIENNE MAIRIE,4000,DIGNE-LES-BAINS,,,4070,,,,,040701000_B,959165.0327923393,6337918.93317347,,,,,,,,,,,,,,,1988-05-31,F,,,,,15.8C,NAF1993,N
5541701,16,554170100016,O,,NN,,,2024-03-22T15:40:57,true,1,,,,,,,,4530,LA CONDAMINE-CHATELARD,,,4062,,,,,,,,,,,,,,,,,,,,,,1984-12-25,F,,,,,00.10,NAP,N
5541735,14,554173500014,O,,NN,,,2024-03-30T02:28:42,true,1,,35,,,,BOULEVARD,GASSENDI,4000,DIGNE-LES-BAINS,,,4070,,,,,040700710_B,958847.0247541716,6337862.19434073,,,,,,,,,,,,,,,1989-03-07,F,,,,,64.12,NAP,N
5541750,13,554175000013,O,,NN,,,2024-03-22T15:40:57,true,1,,,,,,,,4370,COLMARS,,,4061,,,,,,,,,,,,,,,,,,,,,,1984-12-25,F,,,,,65.02,NAP,N
5541776,18,554177600018,O,,NN,,,2024-03-22T15:40:57,true,1,,,,,,,,4170,SAINT-ANDRE-LES-ALPES,,,4173,,,,,,,,,,,,,,,,,,,,,,1984-12-25,F,,,,,69.11,NAP,N
5541842,18,554184200018,O,,NN,,,2024-03-30T13:26:27,true,1,,,,,,RUE,DE LA GRANDE FONTAINE,4000,DIGNE-LES-BAINS,,,4070,,,,,040700760_B,959287.1889720189,6338061.055056568,,,,,,,,,,,,,,,1984-12-25,F,,,,,49.01,NAP,N
5541867,23,554186700023,O,1984-07-10,NN,,,2024-03-22T15:40:57,true,3,,,,,,QUAI,DES 4 CHEMINS,83460,LES ARCS,,,83004,,,,,,,,,,,,,,,,,,,,,,2008-01-01,A,,,,,68.20B,NAFRev2,N
5541909,15,554190900015,O,,NN,,,2024-03-30T15:53:01,true,1,,,,,,BOULEVARD,DE LA REPUBLIQUE,4190,LES MEES,,,4116,,,,,041160145_B,938444.2523999268,6330094.812252669,,,,,,,,,,,,,,,1984-12-25,F,,,,,81.21,NAP,N
5541982,20,554198200020,O,,NN,,,2024-03-30T15:20:47,true,1,,32,,,,BOULEVARD,GASSENDI,4000,DIGNE-LES-BAINS,,,4070,,,,,040700710_B,958875.1709717219,6337857.898805106,,,,,,,,,,,,,,,1993-06-30,F,,,,,52.4C,NAF1993,N
5542113,13,554211300013,O,1988-03-18,NN,,,2024-03-22T15:40:57,true,3,HOTEL L'EQUIPE,,,,,,SAUZE,4400,ENCHASTRAYES,,,4073,,,,,,,,,,,,,,,,,,,,,,2001-10-03,F,,,,,70.2C,NAF1993,N
5542162,10,554216200010,O,,NN,,,2024-03-22T15:40:57,true,1,,,,,,,,4340,MEOLANS-REVEL,,,4161,,,,,,,,,,,,,,,,,,,,,,1984-12-25,F,,,,,57.08,NAP,N
5542212,13,554221200013,O,1955-01-01,NN,,,2024-03-22T15:40:57,true,1,,,,,,QUAI,LE SAUZE,4400,ENCHASTRAYES,,,4073,,,,,,,,,,,,,,,,,,,,,,2000-06-02,F,,,,,70.2C,NAF1993,N
5542261,10,554226100010,O,1955-01-01,NN,,,2024-03-22T15:40:57,true,1,,,,,,,COL ST JEAN,4340,SAINT VINCENT LES FORTS,,,4198,,,,,,,,,,,,,,,,,,,,,,1998-12-19,F,,,,,55.1A,NAF1993,N
5542345,11,554234500011,O,,NN,,,2024-03-22T15:40:57,true,1,,,,,,RUE,DE LA MAIRIE,4190,LES MEES,,,4116,,,,,,,,,,,,,,,,,,,,,,1987-12-31,F,,,,,38.40,NAP,N
5542394,19,554239400019,O,,NN,,,2024-03-30T04:17:50,true,1,,1,,,,PLACE,PIED DE VILLE,4000,DIGNE-LES-BAINS,,,4070,,,,,040701240_B,958986.6952386898,6337755.161715809,,,,,,,,,,,,,,,,F,,,,,67.09,NAP,N
5542410,13,554241000013,O,,NN,,,2024-03-30T12:59:56,true,1,,,,,,RUE,SAUNERIE,4200,SISTERON,,,4209,,,,,042091560_B,935323.5614678626,6348735.963358052,,,,,,,,,,,,,,,1984-12-25,F,,,,,00.97,NAP,N
5550017,15,555001700015,O,,NN,,,2024-03-30T10:30:09,true,1,,,,,,AV,DE LA GARE,4200,SISTERON,,,4209,,,,,042090645_C,,,,,,,,,,,,,,,,,,F,,,,,59.08,NAP,N
5550025,18,555002500018,O,1955-01-01,NN,,,2024-03-22T15:40:57,false,4,,34,,,,ALL,DES FONTAINIERS,4000,DIGNE-LES-BAINS,,,4070,,,,,,,,,,,,,,,,,,,,,,2002-12-31,F,,,,,51.1N,NAF1993,O
5550025,26,555002500026,O,2002-10-22,NN,,,2024-03-22T15:40:57,true,3,ZI ST CHRISTOPHE,,,,,RUE,FERDINAND DE LESSEPS,4000,DIGNE-LES-BAINS,,,4070,,,,,,,,,,,,,,,,,,,,,,2007-02-28,F,,,,,55.3A,NAFRev1,O
5550058,19,555005800019,O,1955-01-01,NN,,,2025-02-04T02:35:07,true,4,,,,,,QUA,LES BONS ENFANTS,4200,PEIPIN,,,4145,,,,,,,,,,,,,,,,,,,,,,2006-12-29,F,,,,,45.2C,NAFRev1,N
5550058,27,555005800027,O,1981-01-01,NN,,,2024-03-22T15:40:57,false,3,LA PIOLINE,155,,,,ALL,DES PLATANES LES MILLES,13080,AIX-EN-PROVENCE,,,13001,,,,,,,,,,,,,,,,,,,,,,2003-01-01,F,,,,,45.2C,NAF1993,N
5550066,12,555006600012,O,,NN,,,2024-03-22T15:40:57,true,1,,,,,,QUAI,DU GAND,4200,SISTERON,,,4209,,,,,,,,,,,,,,,,,,,,,,1984-12-25,F,,,,,00.97,NAP,N
5550082,27,555008200027,O,1984-01-01,NN,,,2024-03-22T15:40:57,true,4,,,,,,,ZONE ARTISANALE,4120,CASTELLANE,,,4039,,,,,,,,,,,,,,,,,,,,,,2004-04-01,F,,,,,45.2P,NAFRev1,O
5550082,35,555008200035,O,2003-05-01,NN,,,2024-03-22T15:40:57,false,3,,519,,,,AV,ALLENDE SALVADOR,83300,DRAGUIGNAN,,,83050,,,,,,,,,,,,,,,,,,,,,,2004-04-01,F,,,,,45.2P,NAFRev1,O
5550108,12,555010800012,O,1955-01-01,NN,,4932ZA,2025-01-14T02:11:11,true,5,SEYNE-LES-ALPES,,,,,PL,ARMES,4140,SEYNE,,,4205,,,,,,,,,,,,,,,,,,,,,,2017-12-31,F,,,,,49.32Z,NAFRev2,O
5550116,23,555011600023,O,1983-07-01,NN,,,2025-01-17T03:26:36,true,4,,,,,,,Z I D UVERNET FOURS,4400,UVERNET-FOURS,,,4226,,,,,,,,,,,,,,,,,,,,,,2006-07-01,F,,,,,45.1A,NAFRev1,O
5550124,19,555012400019,O,,NN,,,2024-03-22T15:40:57,true,1,,,,,,RTE,NATIONALE 96,4160,CHATEAU-ARNOUX-SAINT-AUBAN,,,4049,,,,,,,,,,,,,,,,,,,,,,,F,,,,,65.03,NAP,N
5550157,19,555015700019,O,1900-01-01,NN,,,2024-03-22T15:40:57,true,4,,,,,,PL,TAMPINET,4000,DIGNE-LES-BAINS,,,4070,,,,,,,,,,,,,,,,,,,,,,2011-03-31,F,,,,,22.11Z,NAFRev2,N
5550207,12,555020700012,O,,NN,,,2024-03-22T15:40:57,true,1,,,,,,,QU DE LA GARE GAUBERT,4000,DIGNE-LES-BAINS,,,4070,,,,,,,,,,,,,,,,,,,,,,1984-12-25,F,,,,,00.97,NAP,N
5550231,12,555023100012,O,,NN,,,2024-03-22T15:40:57,true,1,,,,,,,,4700,ORAISON,,,4143,,,,,,,,,,,,,,,,,,,,,,,F,,,,,81.21,NAP,N
5550256,19,555025600019,O,,NN,,,2024-03-22T15:40:57,true,1,,,,,,,,4210,VALENSOLE,,,4230,,,,,,,,,,,,,,,,,,,,,,1984-12-25,F,,,,,00.97,NAP,N
5570122,19,557012200019,O,,NN,,,2024-03-30T03:50:06,true,1,,85,,,,AVENUE,DU GENERAL DE GAULLE,44500,LA BAULE-ESCOUBLAC,,,44055,,,,,440551380_B,292754.8716772857,6701053.24332338,,,,,,,,,,,,,,,1988-12-31,F,,,,,87.03,NAP,N
5570296,11,557029600011,O,,NN,,,2024-03-29T23:14:36,true,1,,26,,,,RUE,PIERRE VERGNIAUD,44600,SAINT-NAZAIRE,,,44184,,,,,441844950_B,307640.14140310785,6700821.349136546,,,,,,,,,,,,,,,1990-06-30,F,,,,,81.21,NAP,N
5570338,11,557033800011,O,,NN,,,2024-03-30T17:10:11,true,1,,,,,,RUE,DE REDON,44130,BLAIN,,,44015,,,,,440150660_B,340691.14030641393,6719515.444724521,,,,,,,,,,,,,,,1984-12-25,F,,,,,55.72,NAP,N
5570361,13,557036100013,O,,NN,,,2024-03-30T09:03:48,true,1,,13,,,,AVENUE,ALBERT DE MUN,44600,SAINT-NAZAIRE,,,44184,,,,,441840060_B,306661.70010560466,6699371.352124807,,,,,,,,,,,,,,,1992-11-25,F,,,,,70.2C,NAF1993,N
5570387,18,557038700018,O,,NN,,,2024-03-30T10:51:10,true,1,,,,,,RUE,D'ANJOU,44600,SAINT-NAZAIRE,,,44184,,,,,441840220_B,306459.61632409453,6699493.574409016,,,,,,,,,,,,,,,1984-12-25,F,,,,,62.11,NAP,N
5570445,14,557044500014,O,,NN,,,2024-03-29T22:38:39,true,1,,5,,,,AVENUE,ROMANO,44500,LA BAULE-ESCOUBLAC,,,44055,,,,,440553230_B,291709.28519452387,6701321.0295160385,,,,,,,,,,,,,,,1989-12-31,F,,,,,58.04,NAP,N
5570452,10,557045200010,O,,NN,,,2024-03-30T14:44:02,true,1,,,,,,RUE,DU PORT,44600,SAINT-NAZAIRE,,,44184,,,,,441845060_B,306947.9546867217,6698672.612294294,,,,,,,,,,,,,,,1984-12-25,F,,,,,79.06,NAP,N
5570569,11,557056900011,O,1988-04-01,NN,,,2025-02-18T02:11:46,true,4,BESLE,37,,,,RUE,DU GENERAL DE GAULLE,44290,GUEMENE-PENFAO,,,44067,,,,,44067vc4n_B,335126.6840804709,6744159.601051209,,,,,,,,,,,,,,,1995-12-25,F,,,,,70.2C,NAF1993,N
5570593,11,557059300011,O,,NN,,,2024-03-22T15:40:57,true,1,,,,,,,BOURG,44750,CAMPBON,,,44025,,,,,,,,,,,,,,,,,,,,,,1984-12-25,F,,,,,67.05,NAP,N
5570601,12,557060100012,O,,NN,,,2024-03-22T15:40:57,true,1,,,,,,LD,LE DRESNY,44630,PLESSE,,,44128,,,,,,,,,,,,,,,,,,,,,,1984-12-25,F,,,,,62.43,NAP,N
5570650,27,557065000027,O,,NN,,,2024-03-30T16:12:20,true,1,,31,,,,BOULEVARD,LEON GAMBETTA,44600,SAINT-NAZAIRE,,,44184,,,,,441843760_B,305872.19018964,6699381.573415982,,,,,,,,,,,,,,,,F,,,,,79.06,NAP,N
5570718,14,557071800014,O,,NN,,,2024-03-30T17:22:10,true,1,,,,,,AVENUE,MARECHAL JOFFRE,44500,LA BAULE-ESCOUBLAC,,,44055,,,,,440552320_B,293106.86586986267,6701089.860357543,,,,,,,,,,,,,,,1984-12-25,F,,,,,00.10,NAP,N
5570783,18,557078300018,O,,NN,,,2024-03-30T15:42:51,true,1,,142,,,,AVENUE,DE MAZY,44380,PORNICHET,,,44132,,,,,441320850_B,296279.2945378058,6699124.179071093,,,,,,,,,,,,,,,1991-12-31,F,,,,,87.06,NAP,N
5570882,26,557088200026,O,,NN,,,2024-03-30T18:13:04,true,1,,13,,,,RUE,DE LA GARE,44740,BATZ-SUR-MER,,,44010,,,,,440100760_B,286123.388367505,6701010.761953094,,,,,,,,,,,,,,,1984-12-25,F,,,,,55.73,NAP,N
5570916,22,557091600022,O,,NN,,,2024-03-30T01:43:48,true,1,,,,,,AVENUE,ALBERT DE MUN,44600,SAINT-NAZAIRE,,,44184,,,,,441840060_B,306358.6137320502,6699458.94805823,,,,,,,,,,,,,,,1984-12-25,F,,,,,86.04,NAP,N
5570957,18,557095700018,O,,NN,,,2024-03-22T15:40:57,true,1,,,,,,,BOURG,44750,CAMPBON,,,44025,,,,,,,,,,,,,,,,,,,,,,1984-12-25,F,,,,,67.04,NAP,N
5571104,16,557110400016,O,,NN,,,2024-03-30T06:50:12,true,1,,,,,,,LA MADELEINE,44350,GUERANDE,,,44069,,,,,44069B939_C,,,,,,,,,,,,,,,,,,F,,,,,00.10,NAP,N
5571187,11,557118700011,O,,NN,,,2024-03-30T04:08:52,true,1,,1,,,,RUE,DU PORT,44420,LA TURBALLE,,,44211,,,,,442110830_B,284280.53961143363,6708649.33247469,,,,,,,,,,,,,,,1984-12-25,F,,,,,62.43,NAP,N
5571195,22,557119500022,O,,NN,,,2024-04-25T09:29:51,true,1,,,,,,RUE,DE LA POSTE,44290,GUEMENE-PENFAO,,,44067,,,,,,,,,,,,,,,,,,,,,,1985-12-25,F,,,,,64.11,NAP,N
5571344,18,557134400018,O,,NN,,,2024-03-30T16:50:47,true,1,,,,,,CITE,DE LA CHABOSSIERE,44220,COUERON,,,44047,,,,,44047A060_C,,,,,,,,,,,,,,,,,1985-12-25,F,,,,,00.10,NAP,N
5571385,11,557138500011,O,,NN,,,2024-03-30T11:32:27,true,1,,,,,,AVENUE,DES IBIS,44500,LA BAULE-ESCOUBLAC,,,44055,,,,,440551760_B,292486.80545280117,6701131.595625649,,,,,,,,,,,,,,,1984-12-25,F,,,,,62.11,NAP,N
5571435,14,557143500014,O,,NN,,,2024-03-30T07:30:38,true,1,,,,,,RUE,RENE LAENNEC,44480,DONGES,,,44052,,,,,440520600_B,316936.36602620676,6703291.867502458,,,,,,,,,,,,,,,1984-12-25,F,,,,,64.11,NAP,N
5571450,13,557145000013,O,,NN,,,2024-03-30T15:41:52,true,1,,27,,,,RTE,DE NOZAY,44130,BLAIN,,,44015,,,,,440150480_C,,,,,,,,,,,,,,,,,1996-11-18,F,,,,,49.05,NAP,N
5571534,14,557153400014,O,,NN,,,2024-03-30T03:52:14,true,1,,,,,,PLACE,SIMON,44290,GUEMENE-PENFAO,,,44067,,,,,440670420_B,337270.7005428386,6736425.24287899,,,,,,,,,,,,,,,1984-12-25,F,,,,,87.03,NAP,N
5571559,11,557155900011,O,,NN,,,2024-03-30T10:40:40,true,1,,175,,,,RUE,DE PORNICHET,44600,SAINT-NAZAIRE,,,44184,,,,,441845040_B,304991.829616405,6697987.446705437,,,,,,,,,,,,,,,,F,,,,,64.11,NAP,N
5571591,14,557159100014,O,,NN,,,2024-03-30T05:41:45,true,1,,,,,,RUE,AUGUSTE BAPTISTE LECHAT,44600,SAINT-NAZAIRE,,,44184,,,,,441840376_B,305805.5742051295,6699610.187436318,,,,,,,,,,,,,,,1984-12-25,F,,,,,64.41,NAP,N
5571641,17,557164100017,O,,NN,,,2024-03-22T15:40:57,true,1,,,,,,LD,LA FOLAINE,44360,CORDEMAIS,,,44045,,,,,,,,,,,,,,,,,,,,,,,F,,,,,55.72,NAP,N
5571674,18,557167400018,O,,NN,,,2024-03-22T15:40:57,true,1,,,,,,,BOURG,44290,PIERRIC,,,44123,,,,,,,,,,,,,,,,,,,,,,1984-12-25,F,,,,,21.01,NAP,N
5571682,11,557168200011,O,,NN,,,2024-03-30T13:14:07,true,1,,24,,,,RUE,DE NANTES,44260,SAVENAY,,,44195,,,,,441951060_B,327216.184074612,6707277.693880313,,,,,,,,,,,,,,,,F,,,,,64.11,NAP,N
5571708,14,557170800014,O,,NN,,,2024-03-30T18:41:18,true,1,,2,,,,RUE,SAINT-MICHEL,44350,GUERANDE,,,44069,,,,,440692180_B,290294.13290909515,6706021.338155896,,,,,,,,,,,,,,,1997-03-31,F,,,,,52.2C,NAF1993,O
5571716,17,557171600017,O,1955-01-01,NN,,,2025-01-21T02:10:20,true,3,,,,,,PLACE,SIMON,44290,GUEMENE-PENFAO,,,44067,,,,,440670420_B,337270.7005428386,6736425.24287899,,,,,,,,,,,,,,,2003-01-05,F,,,,,55.4B,NAFRev1,N
5571781,11,557178100011,O,,NN,,,2024-03-30T14:54:48,true,1,,98,,,,AVENUE,DE LA REPUBLIQUE,44600,SAINT-NAZAIRE,,,44184,,,,,441845330_B,306373.13017244166,6699896.378464397,,,,,,,,,,,,,,,,F,,,,,64.24,NAP,N
5571799,13,557179900013,O,,NN,,,2024-03-22T15:40:57,true,1,,,,,,,BOURG,44360,VIGNEUX-DE-BRETAGNE,,,44217,,,,,,,,,,,,,,,,,,,,,,1989-06-30,F,,,,,52.6D,NAF1993,N
5571807,14,557180700014,O,,NN,,,2024-03-30T17:44:54,true,1,,1,,,,AVENUE,VICE AMIRAL HALGAN,44480,DONGES,,,44052,,,,,440520740_B,316868.4122105167,6703104.004868618,,,,,,,,,,,,,,,1988-09-30,F,,,,,67.08,NAP,N
5571823,11,557182300011,O,,NN,,,2024-03-30T16:23:31,true,1,,,,,,RUE,DE LA FORET,44130,BLAIN,,,44015,,,,,440150300_B,341322.00025116064,6719841.554599084,,,,,,,,,,,,,,,1984-12-25,F,,,,,64.22,NAP,N
5571831,14,557183100014,O,,NN,,,2024-03-22T15:40:57,true,1,,,,,,,BOURG,44160,SAINTE-ANNE-SUR-BRIVET,,,44152,,,,,,,,,,,,,,,,,,,,,,,F,,,,,62.11,NAP,N
5571880,11,557188000011,O,,NN,,,2024-03-30T18:24:22,true,1,,10,,,,RUE,GENERAL LECLERC,44510,LE POULIGUEN,,,44135,,,,,441350530_B,289926.73390791286,6700559.570178292,,,,,,,,,,,,,,,1989-02-01,F,,,,,81.21,NAP,N
5571930,14,557193000014,O,,NN,,,2024-03-30T05:55:22,true,1,,2,,,,PL,SAINTE ANNE,44350,GUERANDE,,,44069,,,,,440692320_C,,,,,,,,,,,,,,,,,,F,,,,,81.21,NAP,N
5571955,11,557195500011,O,,NN,,,2024-03-30T11:32:24,true,1,,6,,,,RUE,DE VERDUN,44160,PONTCHATEAU,,,44129,,,,,441290600_B,316668.3330462028,6716245.689714879,,,,,,,,,,,,,,,,F,,,,,64.11,NAP,N
5571971,18,557197100018,O,,NN,,,2024-03-22T15:40:57,true,1,,,,,,LD,BESLON,44350,GUERANDE,,,44069,,,,,,,,,,,,,,,,,,,,,,1984-12-25,F,,,,,64.42,NAP,N
5572029,14,557202900014,O,,NN,,,2024-03-30T12:15:14,true,1,,11,,,,RUE,DE BARDOUX,44130,BOUVRON,,,44023,,,,,440230013_B,334430.368411431,6713246.15961312,,,,,,,,,,,,,,,1990-03-31,F,,,,,64.42,NAP,N
5572037,17,557203700017,O,,NN,,,2024-03-30T15:28:51,true,1,,,,,,RUE,JULES VERNE,44600,SAINT-NAZAIRE,,,44184,,,,,441843600_B,307873.64697274053,6701338.86572163,,,,,,,,,,,,,,,1984-12-25,F,,,,,38.40,NAP,N
5572086,14,557208600014,O,,NN,,,2024-03-22T15:40:57,true,1,,,,,,LD,CRX LOURMEL,44460,FEGREAC,,,44057,,,,,,,,,,,,,,,,,,,,,,1990-04-02,F,,,,,22.02,NAP,N
5572102,19,557210200019,O,,NN,,,2024-03-30T06:43:58,true,1,,4,,,,QUAI,HERVE RIELLE,44490,LE CROISIC,,,44049,,,,,440492lj6_B,284014.36217875854,6702514.7688327655,,,,,,,,,,,,,,,1988-04-30,F,,,,,67.04,NAP,N
5572110,12,557211000012,O,,NN,,,2024-03-30T03:32:24,true,1,,15,,,,AVENUE,DU GENERAL DE GAULLE,44500,LA BAULE-ESCOUBLAC,,,44055,,,,,440551380_B,292709.0033908357,6700785.823633387,,,,,,,,,,,,,,,1989-02-22,F,,,,,87.06,NAP,N
5572185,14,557218500014,O,,NN,,,2024-03-30T04:27:16,true,1,,,,,,BOULEVARD,DE LA LIBERATION,44220,COUERON,,,44047,,,,,440471356_B,345203.726258696,6689843.243382644,,,,,,,,,,,,,,,1985-12-25,F,,,,,69.23,NAP,N
5572193,18,557219300018,O,,NN,,,2024-03-30T03:42:23,true,1,,,,,,RUE,DU CHATEAU,44130,BLAIN,,,44015,,,,,440150100_B,341331.478952896,6719081.853362551,,,,,,,,,,,,,,,1985-12-25,F,,,,,62.11,NAP,N
5572235,17,557223500017,O,,NN,,,2024-03-30T01:35:19,true,1,,2,,,,RUE,DES CORDIERS,44490,LE CROISIC,,,44049,,,,,44049hd96_B,283750.13539746933,6702740.4650055,,,,,,,,,,,,,,,1984-12-25,F,,,,,66.01,NAP,N
5572268,18,557226800018,O,,NN,,,2024-03-30T03:23:27,true,1,,,,,,RUE,MARCEL SEMBAT,44600,SAINT-NAZAIRE,,,44184,,,,,441844010_B,305077.69663772854,6697656.021217762,,,,,,,,,,,,,,,1984-12-25,F,,,,,15.09,NAP,N
5572326,14,557232600014,O,,NN,,,2024-03-30T14:14:03,true,1,,19,,,,RUE,JOLIOT-CURIE,44720,SAINT-JOACHIM,,,44168,,,,,441680190_B,307968.4144730396,6710758.780841421,,,,,,,,,,,,,,,,F,,,,,64.11,NAP,N
5572466,26,557246600026,P,1989-01-01,NN,,,2024-03-30T00:11:51,true,1,[ND],[ND],[ND],[ND],[ND],[ND],[ND],[ND],LE CROISIC,,[ND],44049,[ND],[ND],,,[ND],[ND],[ND],[ND],[ND],[ND],[ND],[ND],[ND],,,[ND],,[ND],[ND],,,1999-12-31,F,[ND],[ND],[ND],[ND],70.2A,NAF1993,N
5572490,18,557249000018,O,,NN,,,2024-03-30T09:10:08,true,1,,107,,,,ROUTE,DE VANNES,44160,PONTCHATEAU,,,44129,,,,,441290590_B,315427.1795861249,6716952.327464075,,,,,,,,,,,,,,,1989-07-05,F,,,,,81.21,NAP,N
5572508,17,557250800017,P,1955-01-01,NN,,,2025-02-02T02:21:26,false,3,[ND],[ND],[ND],[ND],[ND],[ND],[ND],[ND],LE POULIGUEN,,[ND],44135,[ND],[ND],,,[ND],[ND],[ND],[ND],[ND],[ND],[ND],[ND],[ND],,,[ND],,[ND],[ND],,,2005-09-30,F,[ND],[ND],[ND],[ND],70.2C,NAFRev1,N
5572508,25,557250800025,P,1989-01-01,NN,,,2024-03-30T16:28:24,true,3,[ND],[ND],[ND],[ND],[ND],[ND],[ND],[ND],LE POULIGUEN,,[ND],44135,[ND],[ND],,,[ND],[ND],[ND],[ND],[ND],[ND],[ND],[ND],[ND],,,[ND],,[ND],[ND],,,2008-01-01,A,[ND],[ND],[ND],[ND],68.20A,NAFRev2,N
5572607,25,557260700025,O,,NN,,,2024-03-29T23:59:09,true,1,,17,,,,RUE,JOLIOT-CURIE,44720,SAINT-JOACHIM,,,44168,,,,,441680190_B,307972.3805572831,6710747.831945093,,,,,,,,,,,,,,,,F,,,,,38.40,NAP,N
5572615,10,557261500010,O,,NN,,,2024-03-22T15:40:57,true,1,,,,,,LD,LA GUESNE,44480,DONGES,,,44052,,,,,,,,,,,,,,,,,,,,,,1984-12-25,F,,,,,62.43,NAP,N
5572680,14,557268000014,O,,NN,,,2024-03-22T15:40:57,true,1,,,,,,AV,DES TILLEULS,44500,LA BAULE-ESCOUBLAC,,,44055,,,,,,,,,,,,,,,,,,,,,,1984-12-25,F,,,,,67.04,NAP,N
5572706,17,557270600017,O,,NN,,,2024-03-30T18:20:14,true,1,,57,,,,AVENUE,ALBERT DE MUN,44600,SAINT-NAZAIRE,,,44184,,,,,441840060_B,306219.3659021438,6699481.84529756,,,,,,,,,,,,,,,,F,,,,,64.11,NAP,N
5572714,11,557271400011,O,,NN,,,2024-03-30T17:01:20,true,1,,8,,,,BOULEVARD,DE MER,44740,BATZ-SUR-MER,,,44010,,,,,440101220_B,285591.4319244057,6700427.990359817,,,,,,,,,,,,,,,1992-06-30,F,,,,,70.2C,NAF1993,N
5572789,13,557278900013,O,,NN,,,2024-03-22T15:40:57,true,1,,,,,,LD,LA MEULE,44290,MASSERAC,,,44092,,,,,,,,,,,,,,,,,,,,,,1984-12-25,F,,,,,64.46,NAP,N
5572920,14,557292000014,O,,NN,,,2024-03-29T22:56:59,true,1,,,,,,AVENUE,HENRI,44380,PORNICHET,,,44132,,,,,441320640_B,297024.8282812743,6697397.678547894,,,,,,,,,,,,,,,1985-12-25,F,,,,,67.04,NAP,N
5573035,10,557303500010,O,,NN,,,2024-03-30T15:40:06,true,1,,,,,,,LE GUESNY,44350,GUERANDE,,,44069,,,,,44069B525_C,,,,,,,,,,,,,,,,,1984-12-25,F,,,,,55.40,NAP,N
5573100,12,557310000012,O,,NN,,,2024-03-30T06:51:53,true,1,,,,,,,ST ROCH,44160,PONTCHATEAU,,,44129,,,,,44129B382_C,,,,,,,,,,,,,,,,,1984-12-25,F,,,,,67.04,NAP,N
5573183,18,557318300018,O,,NN,,,2024-03-30T04:10:37,true,1,,4,,,,QUAI,DE VERDUN,44420,PIRIAC-SUR-MER,,,44125,,,,,441250630_B,282012.4268748679,6712510.217995432,,,,,,,,,,,,,,,1988-12-31,F,,,,,64.23,NAP,N
5573373,15,557337300015,O,,NN,,,2024-03-30T00:58:43,true,1,,23,,,,BOULEVARD,DE LA RENAISSANCE,44600,SAINT-NAZAIRE,,,44184,,,,,441845260_B,306199.34908435104,6699988.019370601,,,,,,,,,,,,,,,1993-09-30,F,,,,,74.1C,NAF1993,N
5573415,14,557341500014,O,,NN,,,2024-03-22T15:40:57,true,1,,1,,,,RUE,DU RUA,44410,LA CHAPELLE-DES-MARAIS,,,44030,,,,,,,,,,,,,,,,,,,,,,1985-12-25,F,,,,,87.03,NAP,N
5573522,17,557352200017,O,,NN,,,2024-03-30T08:21:05,true,1,,10,,,,PLACE,JEAN GUIHARD,44130,BLAIN,,,44015,,,,,440150360_B,341366.7298572737,6719199.474577646,,,,,,,,,,,,,,,1992-06-30,F,,,,,52.4C,NAF1993,N
5573720,17,557372000017,O,,NN,,,2024-03-22T15:40:57,true,1,,,,,,LD,POMPAS,44410,HERBIGNAC,,,44072,,,,,,,,,,,,,,,,,,,,,,1989-03-30,F,,,,,67.05,NAP,N
5573761,11,557376100011,O,,NN,,,2024-03-30T00:40:36,true,1,,,,,,AVENUE,DU GENERAL DE GAULLE,44380,PORNICHET,,,44132,,,,,441320550_B,296497.2002306669,6698610.0782103855,,,,,,,,,,,,,,,1984-12-25,F,,,,,67.04,NAP,N
5573779,13,557377900013,O,,NN,,,2024-03-30T00:19:52,true,1,,,,,,BOULEVARD,DE LA LIBERATION,44220,COUERON,,,44047,,,,,440471356_B,345203.726258696,6689843.243382644,,,,,,,,,,,,,,,1984-12-25,F,,,,,64.42,NAP,N
5573811,14,557381100014,O,,NN,,,2024-03-22T15:40:57,true,1,,,,,,LD,ST SEBASTIEN,44380,PORNICHET,,,44132,,,,,,,,,,,,,,,,,,,,,,1984-12-25,F,,,,,64.11,NAP,N
5573878,13,557387800013,O,,NN,,,2024-03-29T23:19:11,true,1,,,,,,RUE,SAINT-MICHEL,44350,GUERANDE,,,44069,,,,,440692180_B,290360.3057735758,6705993.955787389,,,,,,,,,,,,,,,1984-12-25,F,,,,,81.21,NAP,N
5573969,10,557396900010,O,,NN,,,2024-03-22T15:40:57,true,1,,,,,,LD,LA STATION,44530,SEVERAC,,,44196,,,,,,,,,,,,,,,,,,,,,,1990-09-17,F,,,,,62.11,NAP,N
5574017,17,557401700017,O,,NN,,,2024-03-30T11:04:35,true,1,,1,,,,RUE,CHARLES BRUNELIERE,44570,TRIGNAC,,,44210,,,,,442100120_B,308403.5408671906,6703585.645778106,,,,,,,,,,,,,,,1988-01-04,F,,,,,64.30,NAP,N
5574025,10,557402500010,O,,NN,,,2024-03-22T15:40:57,true,1,,,,,,,BOURG,44460,FEGREAC,,,44057,,,,,,,,,,,,,,,,,,,,,,,F,,,,,62.43,NAP,N
5574058,29,557405800029,O,,NN,,,2024-03-30T19:05:21,true,1,,,,,,,LA VILLE HEULIN,44600,SAINT-NAZAIRE,,,44184,,,,,44184B437_C,,,,,,,,,,,,,,,,,1984-12-25,F,,,,,55.60,NAP,N
5574132,14,557413200014,O,1955-01-01,NN,,,2024-03-30T12:55:08,true,1,,26,,,,AVENUE,DU GENERAL DE GAULLE,44500,LA BAULE-ESCOUBLAC,,,44055,,,,,440551380_B,292740.8810076184,6700873.049574501,,,,,,,,,,,,,,,2000-12-31,F,,,,,70.3A,NAF1993,N
5574173,18,557417300018,O,,NN,,,2024-03-30T04:53:55,true,1,,,,,,RUE,DE LA PAIX ET DES ARTS,44600,SAINT-NAZAIRE,,,44184,,,,,441844540_B,306186.73098779056,6699302.2124787625,,,,,,,,,,,,,,,1984-12-25,F,,,,,66.03,NAP,N
5574249,24,557424900024,O,,NN,,,2024-03-30T12:46:32,true,1,,,,,,PLACE,DE LA GARE,44480,DONGES,,,44052,,,,,440520320_B,316954.7154025397,6703082.978237141,,,,,,,,,,,,,,,1984-12-25,F,,,,,64.49,NAP,N
5574389,10,557438900010,O,,NN,,,2024-03-30T10:59:18,true,1,,,,,,AVENUE,DU GENERAL DE GAULLE,44500,LA BAULE-ESCOUBLAC,,,44055,,,,,440551380_B,292754.47402242455,6701015.3034819905,,,,,,,,,,,,,,,1984-12-25,F,,,,,86.04,NAP,N
5574405,14,557440500014,O,,NN,,,2024-03-30T07:38:08,true,1,,,,,,AVENUE,LOUIS LAJARRIGE,44500,LA BAULE-ESCOUBLAC,,,44055,,,,,440552180_B,294476.43173015595,6700504.20608254,,,,,,,,,,,,,,,1985-12-25,F,,,,,55.73,NAP,N
5574454,12,557445400012,O,,NN,,,2024-03-30T15:42:17,true,1,,,,,,,LES COTTAGES,44160,PONTCHATEAU,,,44129,,,,,44129B133_C,,,,,,,,,,,,,,,,,1985-12-25,F,,,,,64.11,NAP,N
5574488,10,557448800010,O,,NN,,,2024-03-22T15:40:57,true,1,,,,,,RUE,PRINCIPALE,44130,LE GAVRE,,,44062,,,,,,,,,,,,,,,,,,,,,,1989-12-15,F,,,,,67.08,NAP,N
5574546,15,557454600015,O,,NN,,,2024-03-30T10:00:44,true,1,,,,,,RUE,DE TOUTES AIDES,44600,SAINT-NAZAIRE,,,44184,,,,,441845670_B,305805.9959748834,6699923.313024612,,,,,,,,,,,,,,,1984-12-25,F,,,,,87.03,NAP,N
5574678,16,557467800016,O,,NN,,,2024-03-30T17:09:05,true,1,,10,,,,RUE,MAURICE SAMBRON,44160,PONTCHATEAU,,,44129,,,,,441290330_B,316576.09043756616,6716381.108228267,,,,,,,,,,,,,,,1989-06-30,F,,,,,64.23,NAP,N
5574736,12,557473600012,O,,NN,,,2024-03-22T15:40:57,true,1,,,,,,LD,LE POTEAU VERT,44460,SAINT-NICOLAS-DE-REDON,,,44185,,,,,,,,,,,,,,,,,,,,,,1988-03-31,F,,,,,67.01,NAP,N
5574793,13,557479300013,O,1955-01-01,NN,,,2024-03-29T23:10:36,true,1,,6,,,,RUE,DE LA VILLE HALLUARD,44600,SAINT-NAZAIRE,,,44184,,,,,441845950_B,306948.7815492069,6700105.273389253,,,,,,,,,,,,,,,2001-12-31,F,,,,,70.2C,NAF1993,N
5574942,16,557494200016,O,,NN,,,2024-03-30T14:25:14,true,1,,,,,,RUE,SAINT-MICHEL,44350,GUERANDE,,,44069,,,,,440692180_B,290360.3057735758,6705993.955787389,,,,,,,,,,,,,,,1984-12-25,F,,,,,81.21,NAP,N
5574975,16,557497500016,O,,NN,,,2024-03-30T05:36:41,true,1,,,,,,AVENUE,DE SAINT SEBASTIEN,44380,PORNICHET,,,44132,,,,,441321381_B,297578.88422028633,6697679.756202255,,,,,,,,,,,,,,,1984-12-25,F,,,,,62.11,NAP,N
5575170,13,557517000013,O,,NN,,,2024-03-22T15:40:57,true,1,,,,,,LD,LE PONT D ARMES,44410,ASSERAC,,,44006,,,,,,,,,,,,,,,,,,,,,,1982-12-29,F,,,,,81.21,NAP,N
5575188,15,557518800015,O,,NN,,,2024-03-30T04:31:41,true,1,,,,,,,SAINT EMILIEN,44130,BLAIN,,,44015,,,,,44015B792_B,345008.3983066645,6714226.511354999,,,,,,,,,,,,,,,1985-12-25,F,,,,,64.11,NAP,N
5575246,11,557524600011,O,,NN,,,2024-03-22T15:40:57,true,1,,21,,,,RUE,DE L EGLISE,44260,SAVENAY,,,44195,,,,,,,,,,,,,,,,,,,,,,1988-02-05,F,,,,,81.21,NAP,N
5575360,10,557536000010,O,,NN,,,2024-03-30T09:01:00,true,1,,,,,,AVENUE,DE JOYEUSE,44500,LA BAULE-ESCOUBLAC,,,44055,,,,,44055j9y56k_B,291251.1775771653,6701001.286642117,,,,,,,,,,,,,,,1984-12-25,F,,,,,60.10,NAP,N
5575386,15,557538600015,O,,NN,,,2024-03-30T11:31:31,true,1,,,,,,BOULEVARD,VICTOR HUGO,44600,SAINT-NAZAIRE,,,44184,,,,,441845840_B,305968.40255551046,6699714.7440455835,,,,,,,,,,,,,,,1985-12-25,F,,,,,62.44,NAP,N
5575485,15,557548500015,O,1900-01-01,NN,,,2024-03-22T15:40:57,false,3,,,,,,LD,QUIMIAC,44420,MESQUER,,,44097,,,,,,,,,,,,,,,,,,,,,,1992-12-25,F,,,,,50.5Z,NAF1993,N
5575485,23,557548500023,O,1992-03-31,NN,,,2024-03-30T16:06:13,true,3,QUIMIAC,,,,,BOULEVARD,DE L'OCEAN,44420,MESQUER,,,44097,,,,,44097gv1yo0_B,286472.91290409875,6715293.848480439,,,,,,,,,,,,,,,2001-12-31,F,,,,,70.2A,NAF1993,N
5575501,19,557550100019,O,,NN,,,2024-03-30T17:26:05,true,1,,59,,,,RUE,JEAN JAURES,44220,COUERON,,,44047,,,,,440471240_B,342829.676809668,6689806.196794063,,,,,,,,,,,,,,,,F,,,,,62.11,NAP,N
5575535,17,557553500017,O,,NN,,,2024-03-30T04:27:33,true,1,,,,,,RUE,DE LA PAIX,44360,SAINT-ETIENNE-DE-MONTLUC,,,44158,,,,,441581280_B,338781.302593127,6697111.058891921,,,,,,,,,,,,,,,1984-12-25,F,,,,,38.50,NAP,N
5575543,11,557554300011,O,,NN,,,2024-03-30T09:25:50,true,1,,,,,,BOULEVARD,HENNECART,44500,LA BAULE-ESCOUBLAC,,,44055,,,,,440551640_B,292740.8164775507,6700750.245754334,,,,,,,,,,,,,,,,F,,,,,81.21,NAP,N
5575741,11,557574100011,O,,NN,,,2024-03-22T15:40:57,true,1,,,,,,,BOURG,44530,GUENROUET,,,44068,,,,,,,,,,,,,,,,,,,,,,,F,,,,,62.43,NAP,N
5575832,18,557583200018,O,,NN,,,2024-03-30T11:04:19,true,1,,,,,,AVENUE,DE LA REPUBLIQUE,44600,SAINT-NAZAIRE,,,44184,,,,,441845330_B,306283.95956953056,6699592.571782289,,,,,,,,,,,,,,,1984-12-25,F,,,,,87.06,NAP,N
5575899,17,557589900017,O,,NN,,,2024-03-30T06:22:45,true,1,,,,,,AVENUE,DE LA REPUBLIQUE,44600,SAINT-NAZAIRE,,,44184,,,,,441845330_B,306283.95956953056,6699592.571782289,,,,,,,,,,,,,,,1984-12-25,F,,,,,64.11,NAP,N
5575907,18,557590700018,O,,NN,,,2024-03-22T15:40:57,true,1,,,,,,,BOURG,44750,QUILLY,,,44139,,,,,,,,,,,,,,,,,,,,,,,F,,,,,57.06,NAP,N
5576053,10,557605300010,O,,NN,,,2024-03-30T18:41:04,true,1,,11,,,,RUE,GABRIEL PERI,44600,SAINT-NAZAIRE,,,44184,,,,,441842390_B,306672.40259597095,6699962.436226103,,,,,,,,,,,,,,,,F,,,,,62.11,NAP,N
5576145,14,557614500014,O,,NN,,,2024-03-30T08:25:54,true,1,,36,,,,RUE,RENE GUILLOUZO,44600,SAINT-NAZAIRE,,,44184,,,,,441845300_B,306201.9281157488,6699768.096734723,,,,,,,,,,,,,,,1995-05-09,F,,,,,70.2C,NAF1993,N
5576160,13,557616000013,O,1955-01-01,NN,,,2024-03-30T11:49:02,true,1,,36,,,,AVENUE,DU GENERAL DE GAULLE,44600,SAINT-NAZAIRE,,,44184,,,,,441842457_B,306349.87741419487,6698959.90894587,,,,,,,,,,,,,,,1999-03-30,F,,,,,70.2C,NAF1993,N
5576178,15,557617800015,O,,NN,,,2024-03-30T05:28:25,true,1,,,,,,AVENUE,JULES VERNE,44500,LA BAULE-ESCOUBLAC,,,44055,,,,,440551910_B,296017.3652963186,6699549.42557438,,,,,,,,,,,,,,,1984-12-25,F,,,,,62.11,NAP,N
5576186,18,557618600018,O,,NN,,,2024-03-30T04:12:24,true,1,,2,,,,RUE,DU CLOS DU BOIS,44160,PONTCHATEAU,,,44129,,,,,441290133_B,315896.32520649635,6716509.634823945,,,,,,,,,,,,,,,1995-03-31,F,,,,,55.4B,NAF1993,N
5576194,12,557619400012,O,,NN,,,2024-03-22T15:40:57,true,1,,,,,,,BOURG,44117,SAINT-ANDRE-DES-EAUX,,,44151,,,,,,,,,,,,,,,,,,,,,,1984-12-25,F,,,,,62.11,NAP,N
5576210,16,557621000016,O,,NN,,,2024-03-30T08:48:46,true,1,,,,,,RUE,DE LA MARNE,44220,COUERON,,,44047,,,,,440471460_B,342226.21665022295,6689656.078399786,,,,,,,,,,,,,,,1984-12-25,F,,,,,64.22,NAP,N
5576236,11,557623600011,O,,NN,,,2024-03-30T01:31:41,true,1,,22,,,,RUE,SAINT MARTIN,44480,DONGES,,,44052,,,,,440520620_B,317003.69972938305,6703261.932816895,,,,,,,,,,,,,,,,F,,,,,64.22,NAP,N
5576244,15,557624400015,O,,NN,,,2024-03-22T15:40:57,true,1,,,,,,LD,LE GOUX,44260,MALVILLE,,,44089,,,,,,,,,,,,,,,,,,,,,,1990-09-29,F,,,,,55.71,NAP,N
5576319,15,557631900015,O,,NN,,,2024-03-30T07:49:54,true,1,,,,,,AVENUE,DE PENHOET,44600,SAINT-NAZAIRE,,,44184,,,,,441844650_B,307565.00020761695,6700687.92734339,,,,,,,,,,,,,,,1984-12-25,F,,,,,62.11,NAP,N
5576343,15,557634300015,O,,NN,,,2024-03-30T16:10:57,true,1,,,,,,PLACE,JEAN GUIHARD,44130,BLAIN,,,44015,,,,,440150360_B,341390.9544080336,6719173.304198974,,,,,,,,,,,,,,,1984-12-25,F,,,,,81.21,NAP,N
5576376,15,557637600015,O,1900-01-01,NN,,,2024-03-29T23:50:59,true,3,,24,,,,ESPLANADE,FRANCOIS ANDRE,44500,LA BAULE-ESCOUBLAC,,,44055,,,,,440551317_B,291978.6006137575,6700761.338622455,,,,,,,,,,,,,,,1992-07-08,F,,,,,52.4J,NAF1993,N
5576699,10,557669900010,O,,NN,,,2024-03-30T10:50:11,true,1,,,,,,AVENUE,DE LA REPUBLIQUE,44600,SAINT-NAZAIRE,,,44184,,,,,441845330_B,306283.95956953056,6699592.571782289,,,,,,,,,,,,,,,1984-12-25,F,,,,,81.21,NAP,N
5576798,10,557679800010,O,,NN,,,2024-03-29T23:18:18,true,1,,78,,,,RUE,JEAN JAURES,44600,SAINT-NAZAIRE,,,44184,,,,,441843360_B,306167.1487141227,6699640.81621839,,,,,,,,,,,,,,,1988-03-31,F,,,,,64.11,NAP,N
5576814,15,557681400015,O,,NN,,,2024-03-22T15:40:57,true,1,,14,,,,AV,DU VICE AMIRAL HALGAN,44480,DONGES,,,44052,,,,,,,,,,,,,,,,,,,,,,1987-12-25,F,,,,,55.72,NAP,N
5576889,17,557688900017,O,,NN,,,2024-03-30T18:25:31,true,1,,2,,,,BOULEVARD,ALBERT 1ER,44600,SAINT-NAZAIRE,,,44184,,,,,441840070_B,305844.3096721425,6698378.503845537,,,,,,,,,,,,,,,1984-12-25,F,,,,,64.49,NAP,N
5576913,15,557691300015,O,,NN,,,2024-03-30T02:16:19,true,1,,,,,,PL,DU CHAMP DE MARS,44220,COUERON,,,44047,,,,,440470530_C,,,,,,,,,,,,,,,,,1984-12-25,F,,,,,64.30,NAP,N
5576962,12,557696200012,O,,NN,,,2024-03-30T17:48:24,true,1,,19,,,,RUE,DE NANTES,44360,LE TEMPLE-DE-BRETAGNE,,,44203,,,,,442030244_B,338416.5198967979,6702928.410180441,,,,,,,,,,,,,,,1984-12-25,F,,,,,67.04,NAP,N
5577028,11,557702800011,O,,NN,,,2024-03-22T15:40:57,true,1,,,,,,,BOURG,44130,FAY-DE-BRETAGNE,,,44056,,,,,,,,,,,,,,,,,,,,,,1991-06-30,F,,,,,21.01,NAP,N
5577051,21,557705100021,O,,NN,,,2024-03-30T18:55:43,true,1,,14,,,,BOULEVARD,DES OCEANIDES,44380,PORNICHET,,,44132,,,,,441321040_B,296404.54584692954,6698189.943942673,,,,,,,,,,,,,,,1991-03-16,F,,,,,81.11,NAP,N
5577119,18,557711900018,O,,NN,,,2024-03-22T15:40:57,true,1,,,,,,,L ENFER NEUF,44550,MONTOIR-DE-BRETAGNE,,,44103,,,,,,,,,,,,,,,,,,,,,,1989-05-02,F,,,,,55.60,NAP,N
5577143,18,557714300018,O,,NN,,,2024-03-30T09:07:16,true,1,,,,,,AVENUE,DES IBIS,44500,LA BAULE-ESCOUBLAC,,,44055,,,,,440551760_B,292486.80545280117,6701131.595625649,,,,,,,,,,,,,,,1985-12-25,F,,,,,62.11,NAP,N
5577168,15,557716800015,O,,NN,,,2024-03-30T12:25:31,true,1,,61,,,,AVENUE,ALBERT DE MUN,44600,SAINT-NAZAIRE,,,44184,,,,,441840060_B,306186.03716110747,6699489.94899441,,,,,,,,,,,,,,,,F,,,,,81.21,NAP,N
5577200,16,557720000016,O,,NN,,,2024-03-30T06:42:01,true,1,,108,,,,RUE,JOLIOT-CURIE,44720,SAINT-JOACHIM,,,44168,,,,,441680190_B,307870.9880431518,6711045.972640019,,,,,,,,,,,,,,,1985-12-25,F,,,,,67.08,NAP,N
5577325,29,557732500029,O,1994-01-03,NN,,,2024-03-30T14:30:16,true,4,,32,,,,RUE,SAINT-MICHEL,44350,GUERANDE,,,44069,,,,,440692180_B,290393.534089301,6705974.075438629,,,,,,,,,,,,,,,2020-12-25,F,,,,,68.20B,NAFRev2,N
5580055,19,558005500019,O,,NN,,,2024-03-22T15:40:57,true,1,,8,,,,RUE,DELESTAGE,44510,LE POULIGUEN,,,44135,,,,,,,,,,,,,,,,,,,,,,1984-12-25,F,,,,,55.73,NAP,N
5580071,16,558007100016,O,,NN,,,2024-03-22T15:40:57,true,1,,88,,,,AV,ALBERT DE MUN,44600,SAINT-NAZAIRE,,,44184,,,,,,,,,,,,,,,,,,,,,,1990-12-31,F,,,,,64.12,NAP,N
5580113,32,558011300032,O,1985-03-01,NN,,,2025-01-19T02:51:56,false,5,N°26 AU N°30,30,,,,AVENUE,LEON BLUM,44600,SAINT-NAZAIRE,,,44184,,,,,441843740_B,306187.75048596197,6698903.94308531,,,,,,,,,,,,,,,2018-12-20,F,,,,,68.20A,NAFRev2,O
5580113,40,558011300040,O,2018-12-20,1,2023,,2025-09-09T07:28:20,true,2,,13,,,,AVENUE,BARBARA,44570,TRIGNAC,,,44210,,,,,442100039_B,306887.9968967909,6701537.780741722,,,,,,,,,,,,,,,2018-12-31,A,,,,,41.10A,NAFRev2,O
5580121,19,558012100019,O,1900-01-01,NN,,,2024-03-30T04:43:55,false,4,,101,,,,QUAI,DES FREGATES,44600,SAINT-NAZAIRE,,,44184,,,,,441842309_C,,,,,,,,,,,,,,,,,2008-06-03,F,,,,,68.20B,NAFRev2,N
5580121,35,558012100035,O,1900-01-01,NN,,,2024-03-30T04:14:24,false,4,,2,,,,RUE,VICTOR FENOUX,29200,BREST,,,29019,,,,,290195150_B,147423.77445017442,6835639.084374874,,,,,,,,,,,,,,,2008-06-03,F,AFO,,,,68.20B,NAFRev2,N
5580121,43,558012100043,O,1900-01-01,NN,,,2024-03-30T04:34:06,false,4,,,,,,BOULEVARD,DE STALINGRAD,76120,LE GRAND-QUEVILLY,,,76322,,,,,763221440_B,556136.9258814387,6925329.284481765,,,,,,,,,,,,,,,2008-06-03,F,,,,,68.20B,NAFRev2,N
5580121,68,558012100068,O,1900-01-01,NN,,,2024-03-30T04:34:06,false,4,,,,,,RUE,EDOUARD LAVOINE,76200,DIEPPE,,,76217,,,,,762171040_B,562294.330591416,6982492.366831973,,,,,,,,,,,,,,,2008-06-03,F,,,,,68.20B,NAFRev2,N
5580121,100,558012100100,O,1979-12-15,NN,,,2024-03-30T04:34:06,true,4,,15,,,,BOULEVARD,DE L'AMIRAL BRUIX,75016,PARIS,,,75116,,,,,751160279_B,647342.0383343688,6864229.987123296,,,,,,,,,,,,,,,2008-06-03,F,,,,,33.15Z,NAFRev2,N
5580121,126,558012100126,O,1981-01-15,NN,,,2024-03-30T04:34:06,false,4,,,,,,RUE,BELLOT,76600,LE HAVRE,,,76351,,,,,763510776_B,491813.9973690834,6935522.079264739,,,,,,,,,,,,,,,2008-06-03,F,,,,,68.20B,NAFRev2,N
5580121,134,558012100134,O,1983-02-07,NN,,,2024-03-30T04:34:06,false,4,,,,,,ROUTE,DES DOCKS FLOTTANTS,59140,DUNKERQUE,,,59183,,,,,591830412_B,655152.0866560892,7106338.064272124,,,,,,,,,,,,,,,2008-06-03,F,,,,,68.20B,NAFRev2,N
